n_sources,"ma , _out_degree",n_nodes,"ma , _instances",n_compute,n_instances,g_diam,n_sinks,median_out_degree,config,n_math,n_edges
3,8,60,1,32,36,4,1,1,"(1 , 64)",0,104
3,2,10,1,3,7,4,1,1,"(4 , 5)",0,11
1,8,18,1,8,10,3,1,1,"(4 , 5)",0,24
1,1,3,1,0,2,2,1,1,"(1 , 64)",0,2
3,8,60,1,51,53,7,1,1,"(1 , 32)",0,113
2,3,10,3,6,12,5,1,1,"(1 , 5)",0,12
4,2,15,1,8,11,6,1,1,"(1 , 64)",0,18
2,8,35,2,16,20,7,1,2,"(2 , 32)",0,64
3,2,8,3,3,9,5,1,1,"(1 , 64)",0,8
4,4,29,1,12,16,5,1,1,"(1 , 64)",0,40
2,8,35,1,16,19,3,1,1,"(1 , 64)",0,48
5,2,19,1,7,11,5,1,1,"(1 , 64)",0,21
4,1,11,1,3,7,5,1,1,"(1 , 64)",0,10
1,4,6,1,0,2,2,1,1,"(1 , 64)",0,8
4,2,17,1,6,10,5,1,1,"(4 , 128)",0,20
3,4,20,1,12,16,5,1,1,"(1 , 64)",0,28
1,1,4,1,1,3,3,1,1,"(1 , 64)",0,3
3,8,36,1,16,19,17,1,1,"(1 , 32)",0,49
2,1,5,1,1,3,3,1,1,"(4 , 5)",0,4
3,4,16,1,4,8,3,1,1,"(4 , 5)",0,24
2,3,9,1,3,5,3,1,1,"(4 , 128)",3,12
3,16,92,1,72,75,6,1,1,"(4 , 128)",0,136
3,3,11,1,4,8,4,1,1,"(4 , 5)",0,14
3,2,8,1,2,5,3,2,1,"(1 , 64)",0,7
1,3,8,1,3,5,3,1,1,"(1 , 64)",0,9
7,3,38,1,27,29,6,1,2,"(1 , 32)",0,63
1,1,4,1,1,3,3,1,1,"(1 , 64)",0,3
3,1,12,1,5,9,5,1,1,"(1 , 32)",0,11
7,3,38,1,27,29,6,1,2,"(4 , 32)",0,63
3,4,20,1,8,11,4,1,1,"(1 , 64)",0,28
3,2,12,1,4,7,4,1,1,"(1 , 64)",0,14
3,1,8,1,2,5,4,1,1,"(1 , 32)",0,7
5,3,13,1,6,8,4,1,1,"(1 , 32)",0,15
1,2,6,1,2,4,3,1,1,"(1 , 64)",0,6
2,1,5,1,1,3,3,1,1,"(3 , 32)",0,4
1,8,27,1,16,19,3,2,1,"(1 , 5)",0,40
2,4,11,1,4,6,3,1,1,"(4 , 128)",0,16
3,2,7,1,2,4,3,1,1,"(1 , 32)",0,7
1,16,33,2,15,25,6,1,1,"(4 , 128)",0,47
1,2,6,1,2,4,3,1,1,"(1 , 64)",0,6
3,8,21,1,8,12,3,2,1,"(4 , 128)",0,32
3,2,14,1,4,8,4,1,1,"(4 , 128)",0,16
3,3,19,1,6,10,4,1,1,"(1 , 5)",0,24
3,4,24,1,8,12,4,1,1,"(1 , 5)",0,32
1,1,3,1,0,2,2,1,1,"(1 , 5)",0,2
3,8,44,1,16,20,4,1,1,"(1 , 5)",0,64
1,3,8,1,3,5,3,1,1,"(1 , 5)",0,9
2,2,9,1,2,5,3,1,1,"(1 , 5)",0,10
2,3,12,1,3,6,3,1,1,"(2 , 64)",0,15
1,3,8,1,3,5,3,1,1,"(1 , 5)",0,9
1,8,27,1,16,19,3,2,1,"(2 , 64)",0,40
1,3,8,1,3,5,3,1,1,"(2 , 64)",0,9
2,8,27,1,8,11,3,1,1,"(2 , 64)",0,40
5,6,18,1,10,13,5,1,1,"(2 , 64)",0,28
1,8,27,1,16,19,3,2,1,"(1 , 5)",0,40
3,1,6,1,1,4,3,2,1,"(3 , 32)",0,4
1,8,18,1,8,10,3,1,1,"(2 , 64)",0,24
1,1,3,1,0,2,2,1,1,"(2 , 64)",0,2
3,1,9,1,2,6,4,1,1,"(2 , 64)",0,8
2,8,27,1,8,11,3,1,1,"(4 , 128)",0,40
4,2,12,1,4,8,4,1,1,"(1 , 128)",0,12
3,6,77,1,67,71,8,1,2,"(3 , 64)",0,135
4,2,15,1,6,9,4,1,1,"(1 , 128)",0,18
4,3,20,1,9,12,4,1,1,"(1 , 128)",0,27
4,4,25,1,12,15,4,1,1,"(1 , 5)",0,36
1,5,34,1,27,29,9,1,1,"(1 , 32)",0,52
1,6,46,1,38,40,8,1,2,"(3 , 64)",0,78
3,18,96,1,74,77,6,1,1,"(1 , 64)",0,174
2,4,23,1,12,15,3,1,1,"(1 , 128)",0,44
3,8,20,1,8,11,3,1,2,"(1 , 5)",0,40
2,1,6,1,1,4,3,1,1,"(1 , 5)",0,5
3,4,12,1,4,7,3,1,2,"(1 , 5)",0,20
3,3,11,1,3,6,3,1,1,"(1 , 64)",0,16
3,2,8,1,2,5,3,1,1,"(1 , 5)",0,10
3,12,82,2,62,66,10,1,1,"(1 , 64)",0,140
1,2,4,1,0,2,2,1,1,"(3 , 32)",0,4
2,8,19,1,8,10,3,1,1,"(4 , 128)",0,32
3,8,124,1,104,107,6,1,1,"(3 , 5)",0,192
1,3,8,1,3,5,3,1,1,"(4 , 128)",0,9
2,1,6,1,2,4,4,1,1,"(2 , 64)",2,5
1,8,10,1,0,2,2,1,1,"(1 , 32)",0,16
1,1,4,1,1,3,3,1,1,"(4 , 32)",1,3
2,1,5,3,1,5,3,1,1,"(3 , 5)",0,4
6,5,22,1,11,15,4,2,1,"(3 , 32)",0,39
2,8,35,1,16,19,3,1,2,"(1 , 128)",0,64
6,2,16,1,5,9,4,2,1,"(2 , 64)",0,16
3,1,8,1,2,5,4,1,1,"(3 , 32)",0,7
5,4,14,1,4,6,3,1,1,"(3 , 5)",0,16
3,4,20,1,8,11,4,1,1,"(2 , 64)",0,28
4,8,41,1,28,31,4,1,1,"(1 , 64)",0,96
6,5,22,1,11,15,4,2,1,"(1 , 32)",0,39
4,5,14,1,7,10,4,1,1,"(4 , 5)",0,24
2,2,12,1,5,8,4,1,1,"(3 , 32)",0,13
4,5,23,1,14,17,4,1,1,"(4 , 5)",0,48
2,2,12,1,5,8,4,1,1,"(4 , 5)",0,13
3,8,48,1,36,39,6,1,1,"(1 , 64)",0,68
3,4,26,1,18,21,6,1,1,"(4 , 5)",0,34
3,2,15,1,9,12,6,1,1,"(4 , 5)",0,17
3,4,26,1,18,21,6,1,1,"(4 , 5)",0,34
1,2,6,1,2,4,3,1,1,"(4 , 5)",0,6
4,8,53,1,24,28,5,1,1,"(4 , 5)",0,80
2,8,35,1,16,19,3,1,1,"(4 , 5)",0,48
1,1,5,1,2,4,4,1,1,"(4 , 5)",0,4
3,4,16,1,4,8,3,1,1,"(1 , 32)",0,24
3,4,28,1,12,16,4,1,2,"(4 , 5)",0,48
3,2,16,1,6,10,4,1,2,"(4 , 5)",0,24
6,4,27,1,18,20,4,1,2,"(1 , 64)",0,50
3,8,52,1,24,28,4,1,2,"(4 , 5)",0,96
2,8,75,1,56,59,5,1,1,"(1 , 32)",0,120
2,8,27,1,8,11,3,1,1,"(3 , 32)",0,40
3,4,16,1,8,12,4,1,1,"(1 , 32)",0,24
2,2,9,1,2,5,3,1,1,"(4 , 5)",2,10
2,4,12,1,7,9,5,1,1,"(1 , 64)",0,16
3,16,37,1,16,20,3,2,1,"(1 , 64)",0,64
2,1,6,3,2,7,4,1,1,"(1 , 64)",0,5
2,8,35,1,16,19,3,1,2,"(1 , 32)",0,64
4,2,15,1,8,11,6,1,1,"(4 , 128)",0,18
3,8,28,1,8,12,3,1,1,"(1 , 128)",0,48
2,1,6,1,1,4,3,1,1,"(4 , 5)",0,5
6,4,27,1,18,20,4,1,2,"(4 , 5)",0,50
2,1,6,1,1,4,3,1,1,"(4 , 5)",0,5
6,4,27,1,18,20,4,1,2,"(4 , 5)",0,50
1,1,3,1,0,2,2,1,1,"(4 , 5)",0,2
2,8,27,1,8,11,3,1,1,"(4 , 5)",8,40
2,8,35,1,16,19,3,1,2,"(1 , 32)",0,64
2,2,11,1,4,7,4,1,1,"(1 , 64)",0,12
2,3,15,1,6,9,4,1,1,"(1 , 64)",0,18
1,1,3,1,0,2,2,1,1,"(4 , 5)",0,2
2,4,12,1,7,9,5,1,1,"(1 , 64)",0,16
2,4,19,1,8,11,4,1,1,"(1 , 64)",0,24
2,8,23,1,16,18,4,1,1,"(1 , 64)",0,36
1,1,3,1,0,2,2,1,1,"(4 , 5)",0,2
1,1,3,1,0,2,2,1,1,"(4 , 5)",0,2
2,8,35,1,16,19,4,1,1,"(1 , 64)",0,48
6,4,27,1,18,20,4,1,2,"(1 , 64)",0,50
1,1,3,1,0,2,2,1,1,"(1 , 32)",0,2
2,8,19,1,8,10,3,1,1,"(3 , 5)",0,32
2,2,7,3,3,8,4,1,1,"(2 , 64)",0,7
2,4,15,1,4,7,3,1,1,"(3 , 5)",0,20
6,8,87,1,72,74,4,1,2,"(1 , 5)",0,200
2,1,6,3,2,7,4,1,1,"(3 , 5)",0,5
7,4,34,1,20,24,6,1,1,"(1 , 64)",0,50
7,3,30,1,16,20,6,1,1,"(1 , 64)",0,40
7,2,21,1,10,14,6,1,1,"(1 , 64)",0,25
2,1,6,1,1,4,3,1,1,"(3 , 5)",0,5
2,8,51,1,32,35,4,1,1,"(1 , 64)",0,80
7,8,60,1,40,44,6,1,1,"(1 , 64)",0,100
2,4,11,1,4,6,3,1,1,"(2 , 64)",0,16
5,2,19,1,6,12,8,1,1,"(1 , 128)",0,20
1,1,3,1,0,2,2,1,1,"(1 , 64)",0,2
1,4,10,1,4,6,3,1,1,"(1 , 64)",0,12
5,4,54,1,36,40,8,1,1,"(4 , 32)",4,76
2,8,27,1,8,11,3,1,1,"(1 , 128)",0,40
2,8,19,1,8,10,3,1,1,"(1 , 64)",0,32
7,4,20,1,11,13,6,1,1,"(4 , 5)",0,28
2,8,19,1,8,10,3,1,1,"(1 , 64)",0,32
2,8,19,1,8,10,3,1,1,"(1 , 128)",0,32
2,4,18,1,7,10,5,1,1,"(1 , 64)",0,23
2,8,19,1,8,10,3,1,1,"(1 , 128)",0,32
2,8,27,1,8,11,3,1,1,"(1 , 128)",0,40
2,8,19,1,8,10,3,1,1,"(1 , 32)",0,32
2,8,19,1,8,10,3,1,1,"(1 , 32)",0,32
2,4,15,1,4,7,3,1,1,"(3 , 5)",0,20
7,4,44,1,33,35,6,1,2,"(1 , 64)",0,84
2,16,27,1,16,18,3,1,1,"(1 , 128)",0,56
8,8,24,1,7,9,2,1,1,"(1 , 128)",0,30
2,8,27,1,8,11,3,1,1,"(1 , 5)",8,40
6,2,12,1,4,7,5,2,1,"(1 , 64)",0,11
6,2,14,1,5,8,6,2,1,"(1 , 5)",0,14
2,8,19,1,8,10,3,1,1,"(1 , 128)",0,32
6,4,24,1,13,16,10,2,1,"(1 , 5)",0,32
2,8,59,1,40,43,4,1,1,"(2 , 32)",0,112
1,8,18,1,8,10,3,1,1,"(1 , 5)",0,24
7,4,32,1,22,24,6,1,2,"(4 , 32)",0,56
1,1,4,1,1,3,3,1,1,"(1 , 5)",0,3
1,1,4,1,1,3,3,1,1,"(1 , 5)",0,3
1,4,10,2,4,10,3,1,1,"(3 , 128)",0,12
7,2,18,1,9,11,6,1,1,"(1 , 128)",0,21
1,8,18,1,8,10,3,1,1,"(1 , 128)",0,24
3,8,60,1,32,36,4,1,1,"(1 , 5)",0,104
1,1,4,1,1,3,3,1,1,"(1 , 64)",0,3
1,1,4,1,1,3,3,1,1,"(1 , 128)",0,3
4,8,54,1,16,22,3,2,1,"(1 , 128)",0,80
1,8,18,1,8,10,3,1,1,"(4 , 32)",0,24
7,2,18,1,9,11,6,1,1,"(4 , 32)",0,21
1,1,4,1,1,3,3,1,1,"(4 , 32)",0,3
7,2,18,1,9,11,6,1,1,"(4 , 128)",0,21
2,1,6,1,1,4,3,1,1,"(4 , 128)",0,5
3,2,10,1,2,6,3,2,1,"(3 , 64)",0,10
1,1,3,1,0,2,2,1,1,"(1 , 128)",0,2
3,1,5,1,0,3,2,2,1,"(4 , 128)",0,3
5,16,47,1,33,35,4,1,2,"(1 , 32)",0,106
3,4,14,1,9,11,4,1,2,"(4 , 128)",0,23
5,2,18,2,11,15,6,1,1,"(2 , 5)",0,19
3,16,100,1,80,83,8,1,1,"(4 , 32)",0,168
3,8,52,1,32,35,5,1,1,"(1 , 64)",0,88
10,7,23,1,7,10,3,1,1,"(1 , 32)",0,34
2,1,5,1,1,3,3,1,1,"(4 , 32)",0,4
4,8,70,1,32,38,4,2,1,"(4 , 32)",0,96
1,8,18,1,8,10,3,1,1,"(1 , 5)",0,24
1,8,18,1,8,10,3,1,1,"(1 , 5)",0,24
2,2,15,1,8,11,4,1,1,"(1 , 64)",0,20
1,8,18,1,8,10,3,1,1,"(1 , 5)",0,24
1,1,4,1,1,3,3,1,1,"(4 , 32)",0,3
1,8,18,1,8,10,3,1,1,"(1 , 5)",0,24
6,4,18,1,10,12,5,1,1,"(1 , 32)",0,26
1,8,27,1,16,19,3,2,1,"(1 , 32)",0,40
1,1,4,1,1,3,3,1,1,"(4 , 128)",1,3
1,8,27,1,16,19,3,2,1,"(1 , 5)",0,40
2,8,19,1,8,10,3,1,1,"(1 , 64)",0,32
1,4,10,1,4,6,3,1,1,"(1 , 5)",0,12
2,3,12,1,3,6,3,1,1,"(1 , 128)",3,15
9,8,26,1,8,10,3,1,1,"(1 , 64)",0,32
7,4,32,1,22,24,6,1,2,"(4 , 32)",0,56
3,11,77,2,57,61,10,1,1,"(1 , 5)",0,130
2,8,19,1,8,10,3,1,1,"(4 , 5)",0,32
2,3,9,1,3,5,3,1,1,"(4 , 128)",3,12
6,4,18,1,10,12,5,1,1,"(1 , 128)",0,26
6,4,18,1,10,12,5,1,1,"(1 , 128)",0,26
6,4,18,1,10,12,5,1,1,"(1 , 128)",0,26
2,1,6,1,1,4,3,1,1,"(4 , 32)",0,5
6,4,18,1,10,12,5,1,1,"(4 , 32)",0,26
2,1,6,1,1,4,3,1,1,"(4 , 128)",0,5
1,1,3,1,0,2,2,1,1,"(1 , 5)",0,2
4,2,10,1,3,6,4,2,1,"(4 , 128)",0,9
5,4,14,1,4,6,3,1,1,"(4 , 32)",0,16
4,8,54,1,16,22,3,2,1,"(1 , 32)",0,80
3,2,9,1,3,5,3,1,1,"(3 , 64)",0,11
1,2,5,1,2,4,3,1,1,"(4 , 5)",0,5
3,2,9,1,3,6,4,1,1,"(4 , 128)",0,9
2,3,8,1,3,6,3,1,1,"(1 , 5)",0,11
1,1,3,1,0,2,2,1,1,"(4 , 5)",0,2
3,8,44,1,16,20,3,1,2,"(1 , 32)",0,88
3,4,16,1,4,8,3,1,1,"(3 , 5)",0,24
2,1,8,1,3,6,5,1,1,"(3 , 64)",1,7
3,4,28,1,12,16,5,1,1,"(4 , 5)",0,40
3,2,16,1,6,10,5,1,1,"(4 , 5)",0,20
3,4,28,1,12,16,5,1,1,"(1 , 32)",0,40
1,4,14,1,8,10,3,1,1,"(1 , 64)",0,20
3,8,52,1,24,28,5,1,1,"(4 , 5)",0,80
1,1,5,1,0,3,4,1,1,"(1 , 64)",0,4
6,2,15,1,4,8,4,2,1,"(1 , 32)",0,15
2,16,27,1,16,18,3,1,1,"(4 , 5)",0,56
2,8,43,1,24,27,4,1,1,"(1 , 128)",0,72
7,3,38,1,27,29,6,1,2,"(1 , 64)",0,63
1,4,10,1,4,6,3,1,1,"(1 , 64)",0,12
20,12,139,3,104,117,18,1,1,"(1 , 32)",0,249
1,2,6,1,2,4,3,1,1,"(1 , 64)",0,6
3,1,9,1,2,6,4,1,1,"(1 , 32)",0,8
4,8,86,1,48,54,3,2,1,"(1 , 5)",0,176
2,8,27,1,16,18,4,1,1,"(4 , 5)",16,40
1,4,14,1,8,10,3,1,1,"(1 , 64)",0,20
2,1,8,1,3,6,4,1,1,"(4 , 5)",0,7
1,4,6,1,0,2,2,1,1,"(4 , 5)",0,8
4,32,71,1,48,53,4,2,1,"(1 , 64)",0,145
4,2,11,1,4,7,5,1,1,"(4 , 5)",0,11
3,8,29,1,16,19,3,2,1,"(1 , 128)",0,56
5,4,18,1,4,8,3,1,1,"(1 , 32)",0,24
2,8,19,1,8,10,3,1,1,"(1 , 32)",0,32
2,3,9,1,3,5,4,1,1,"(4 , 5)",0,10
10,8,35,1,16,18,4,1,1,"(3 , 64)",0,48
1,2,4,1,0,2,2,1,1,"(1 , 32)",0,4
5,16,94,1,64,68,6,1,1,"(4 , 32)",0,168
3,16,68,1,48,51,4,1,1,"(1 , 32)",0,112
3,2,8,3,3,8,4,1,1,"(4 , 5)",0,8
5,2,18,1,9,13,8,1,1,"(4 , 5)",1,19
3,4,26,1,18,21,6,1,1,"(1 , 32)",0,34
3,2,15,1,9,12,6,1,1,"(1 , 32)",0,17
3,4,26,1,18,21,6,1,1,"(1 , 32)",0,34
3,8,48,1,36,39,6,1,1,"(1 , 64)",0,68
2,4,19,1,8,11,3,1,2,"(4 , 5)",0,32
2,2,7,1,2,5,3,1,1,"(1 , 32)",0,8
4,2,12,1,3,7,3,2,1,"(1 , 64)",0,14
2,2,11,1,4,7,3,1,2,"(1 , 64)",0,16
3,1,5,1,0,4,1,3,0,"(4 , 32)",0,2
1,1,4,1,1,3,3,1,1,"(1 , 64)",0,3
1,7,9,1,0,2,2,1,1,"(1 , 64)",0,14
1,8,18,1,8,10,3,1,1,"(1 , 64)",0,24
1,1,4,2,1,4,3,1,1,"(4 , 5)",0,3
1,2,4,1,0,2,2,1,1,"(1 , 64)",0,4
1,8,18,1,8,10,3,1,1,"(1 , 64)",0,24
3,8,26,1,16,20,4,1,1,"(1 , 64)",0,46
1,8,18,1,8,10,3,1,1,"(1 , 64)",0,24
1,8,18,1,8,10,3,1,1,"(4 , 32)",0,24
1,2,5,1,2,4,3,1,1,"(1 , 64)",0,5
3,2,10,1,2,6,3,1,1,"(1 , 32)",0,12
1,4,6,1,0,2,2,1,1,"(1 , 64)",0,8
2,4,27,2,16,23,4,1,1,"(1 , 5)",0,48
2,8,35,1,16,19,3,1,1,"(1 , 32)",0,48
3,2,14,1,6,9,4,1,1,"(1 , 64)",0,18
3,3,19,1,9,12,4,1,1,"(1 , 32)",0,27
5,3,15,2,7,11,6,1,1,"(1 , 64)",0,19
3,4,24,1,12,15,4,1,1,"(1 , 32)",0,36
3,8,44,1,24,27,4,1,1,"(1 , 64)",0,72
1,8,18,1,8,10,3,1,1,"(1 , 32)",8,24
1,4,10,1,4,6,3,1,1,"(4 , 128)",0,12
1,3,8,1,3,5,3,1,1,"(4 , 32)",0,9
2,3,8,1,3,6,3,1,1,"(4 , 32)",0,11
1,4,10,1,4,6,3,1,1,"(4 , 32)",0,12
2,4,19,1,8,11,3,1,2,"(1 , 64)",0,32
1,4,10,1,4,6,3,1,1,"(3 , 64)",0,12
3,8,60,1,32,36,4,1,1,"(4 , 32)",0,104
2,2,7,1,2,5,3,1,1,"(1 , 32)",0,8
1,4,10,1,4,6,3,1,1,"(4 , 128)",0,12
2,2,11,1,4,7,3,1,2,"(4 , 128)",0,16
2,8,27,1,8,11,3,1,1,"(1 , 128)",0,40
2,8,19,1,8,10,3,1,1,"(1 , 32)",0,32
2,8,19,1,8,10,3,1,1,"(1 , 64)",0,32
1,1,4,1,1,3,3,1,1,"(3 , 32)",1,3
5,2,18,1,6,11,4,2,1,"(1 , 32)",0,22
3,1,5,1,0,3,2,2,1,"(4 , 32)",0,3
1,2,6,1,2,4,3,1,1,"(1 , 5)",0,6
1,1,3,1,0,2,2,1,1,"(4 , 32)",0,2
6,8,95,1,80,82,5,1,2,"(1 , 128)",0,208
2,3,9,1,3,5,3,1,1,"(1 , 5)",3,12
5,2,14,2,6,10,6,2,1,"(2 , 5)",0,14
2,4,15,1,4,7,3,1,1,"(4 , 128)",4,20
7,4,44,1,33,35,6,1,2,"(4 , 128)",0,84
2,4,15,1,4,7,3,1,1,"(3 , 128)",0,20
1,8,26,1,16,18,3,1,1,"(3 , 128)",0,40
1,1,4,1,1,3,3,1,1,"(4 , 32)",0,3
7,4,44,1,33,35,6,1,2,"(1 , 5)",0,84
6,8,95,1,80,82,5,1,2,"(1 , 32)",0,208
7,4,44,1,33,35,6,1,2,"(3 , 128)",0,84
3,2,20,1,10,14,4,1,1,"(1 , 64)",0,28
7,4,44,1,33,35,6,1,2,"(3 , 128)",0,84
2,1,6,1,1,4,3,1,1,"(4 , 32)",0,5
3,2,12,1,6,9,5,1,1,"(3 , 128)",0,14
1,3,5,1,0,2,2,1,1,"(3 , 128)",0,6
1,1,4,1,1,3,3,1,1,"(3 , 128)",0,3
1,8,10,1,0,2,2,1,1,"(3 , 128)",0,16
1,8,10,1,0,2,2,1,1,"(3 , 128)",0,16
2,4,11,1,4,6,3,1,1,"(1 , 32)",0,16
2,8,20,1,0,4,2,2,1,"(3 , 128)",0,32
3,2,12,1,6,9,5,1,1,"(4 , 32)",0,14
4,3,11,1,4,7,4,1,1,"(4 , 32)",0,14
1,1,3,1,0,2,2,1,1,"(3 , 128)",0,2
4,16,57,1,42,46,5,1,1,"(1 , 64)",0,102
3,8,37,1,20,24,7,1,1,"(1 , 64)",0,56
1,8,27,1,16,19,3,2,1,"(1 , 5)",0,40
3,16,37,1,16,20,3,2,2,"(3 , 128)",0,80
1,8,27,1,16,19,3,2,1,"(1 , 5)",0,40
2,4,19,1,8,11,3,1,2,"(1 , 64)",0,32
2,8,27,1,16,18,4,1,1,"(1 , 64)",0,40
2,8,27,1,8,11,3,1,1,"(1 , 64)",0,40
3,1,10,1,4,7,5,1,1,"(1 , 5)",0,9
5,2,13,2,6,9,6,1,1,"(4 , 128)",0,13
4,2,12,1,3,7,3,2,1,"(1 , 5)",0,14
2,2,7,1,2,5,3,1,1,"(1 , 5)",0,8
2,2,11,1,4,7,3,1,2,"(1 , 32)",0,16
3,1,9,1,2,6,4,1,1,"(1 , 32)",0,8
2,8,35,1,16,19,3,1,2,"(4 , 5)",0,64
2,1,8,1,3,6,4,1,1,"(1 , 5)",0,7
3,1,9,1,2,6,4,1,1,"(1 , 32)",0,8
3,2,14,1,7,11,5,1,1,"(1 , 32)",0,16
1,1,3,1,0,2,2,1,1,"(1 , 32)",0,2
4,8,45,1,24,27,4,1,1,"(1 , 32)",0,72
7,4,20,1,11,13,6,1,1,"(1 , 32)",0,28
6,4,37,1,27,29,4,1,2,"(1 , 32)",0,75
1,3,8,1,3,5,3,1,1,"(4 , 1024)",0,9
4,4,32,2,17,30,4,2,2,"(3 , 5)",0,53
1,8,15,1,0,3,4,1,1,"(1 , 32)",0,24
6,4,37,1,27,29,4,1,2,"(1 , 128)",0,75
6,4,37,1,27,29,4,1,2,"(1 , 32)",0,75
4,1,11,1,3,7,5,1,1,"(1 , 64)",0,10
3,2,8,1,2,4,3,1,1,"(2 , 5)",0,8
6,4,37,1,27,29,4,1,2,"(1 , 32)",0,75
6,4,29,1,20,22,5,1,2,"(1 , 64)",0,52
3,8,36,1,24,26,4,1,1,"(4 , 32)",0,64
7,4,20,1,11,13,6,1,1,"(1 , 32)",0,28
1,1,3,1,0,2,2,1,1,"(1 , 32)",0,2
11,6,37,1,24,26,9,1,1,"(2 , 64)",0,54
1,4,10,2,4,10,3,1,1,"(4 , 32)",0,12
1,2,8,1,4,6,3,1,1,"(4 , 5)",0,10
1,4,6,1,0,2,2,1,1,"(4 , 32)",0,8
2,8,27,1,8,11,3,1,1,"(4 , 5)",0,40
8,4,25,1,15,17,7,1,1,"(1 , 64)",0,35
2,1,6,1,1,4,3,1,1,"(4 , 5)",0,5
6,4,51,1,40,42,5,1,2,"(1 , 64)",0,104
7,5,22,1,13,15,5,1,1,"(4 , 32)",0,33
3,4,12,1,4,7,3,2,1,"(3 , 32)",0,13
1,2,8,1,4,6,3,1,1,"(1 , 32)",0,10
1,2,8,1,4,6,3,1,1,"(1 , 64)",0,10
3,8,44,1,24,27,4,1,1,"(1 , 64)",0,64
1,4,6,1,0,2,2,1,1,"(4 , 32)",0,8
1,1,4,1,1,3,3,1,1,"(1 , 64)",0,3
1,2,8,1,4,6,3,1,1,"(1 , 32)",0,10
11,6,37,1,24,26,9,1,1,"(2 , 64)",0,54
2,4,27,1,16,19,4,1,1,"(4 , 32)",0,40
2,1,6,1,1,4,3,1,1,"(1 , 32)",1,5
1,1,3,1,0,2,2,1,1,"(4 , 5)",0,2
3,8,23,1,8,13,3,2,1,"(1 , 5)",0,36
2,8,75,1,56,59,4,1,1,"(1 , 64)",0,152
6,4,29,1,20,22,5,1,2,"(1 , 32)",0,52
2,2,15,1,8,11,4,1,1,"(1 , 64)",0,20
2,4,30,1,21,24,4,1,1,"(1 , 64)",0,57
2,4,21,1,14,17,4,1,1,"(1 , 64)",0,38
2,4,39,1,28,31,4,1,1,"(1 , 64)",0,76
7,4,20,1,11,13,6,1,1,"(1 , 5)",0,28
4,1,13,1,5,9,6,1,1,"(4 , 5)",0,12
8,8,91,2,59,68,9,2,1,"(1 , 32)",0,152
2,1,6,1,1,4,3,1,1,"(3 , 32)",0,5
2,2,15,1,8,11,4,1,1,"(1 , 5)",0,20
2,8,19,1,8,10,3,1,1,"(3 , 32)",0,32
1,4,6,1,0,2,2,1,1,"(1 , 32)",0,8
1,1,4,1,1,3,3,1,1,"(1 , 32)",0,3
2,16,147,1,112,115,6,1,1,"(1 , 32)",0,208
2,8,19,1,8,10,3,1,1,"(1 , 64)",0,32
1,1,4,1,1,3,3,1,1,"(1 , 32)",0,3
1,1,4,1,1,3,3,1,1,"(4 , 5)",0,3
1,2,4,1,0,2,2,1,1,"(1 , 64)",0,4
3,4,16,1,8,10,3,1,1,"(1 , 5)",0,28
1,1,4,1,1,3,3,1,1,"(4 , 5)",0,3
5,2,19,1,7,11,5,1,1,"(4 , 32)",0,21
1,1,4,1,1,3,3,1,1,"(4 , 32)",0,3
4,2,17,1,6,10,5,1,1,"(1 , 128)",0,20
4,2,12,1,4,8,4,1,1,"(3 , 32)",0,12
4,1,11,1,3,7,5,1,1,"(4 , 32)",0,10
2,8,43,1,24,27,3,1,1,"(1 , 32)",0,88
4,4,29,1,12,16,5,1,1,"(4 , 32)",0,40
2,2,7,1,2,4,3,1,1,"(1 , 128)",0,8
4,3,26,1,12,16,4,1,1,"(4 , 32)",0,36
2,8,23,1,16,18,4,1,1,"(1 , 128)",0,36
4,4,33,1,16,20,4,1,1,"(4 , 5)",0,48
2,8,59,1,40,43,5,1,1,"(1 , 64)",0,96
4,8,61,1,32,36,4,1,1,"(4 , 32)",0,96
5,6,42,1,30,33,5,1,2,"(1 , 64)",0,84
5,6,30,1,20,23,5,1,2,"(3 , 32)",0,56
5,6,54,1,40,43,5,1,2,"(1 , 64)",0,112
2,8,35,1,16,19,4,1,1,"(4 , 32)",0,48
1,8,10,1,0,2,2,1,1,"(1 , 32)",0,16
1,4,10,1,4,6,3,1,1,"(1 , 64)",0,12
2,2,11,1,4,7,4,1,1,"(1 , 64)",0,12
2,3,15,1,6,9,4,1,1,"(4 , 32)",0,18
2,4,19,1,8,11,4,1,1,"(4 , 32)",0,24
3,4,29,1,21,24,6,1,1,"(1 , 32)",1,48
3,4,20,1,8,11,4,1,1,"(4 , 32)",0,28
1,1,4,1,1,3,3,1,1,"(4 , 32)",1,3
3,2,12,1,4,7,4,1,1,"(4 , 32)",0,14
3,1,8,1,2,5,4,1,1,"(4 , 32)",0,7
6,2,17,1,6,10,4,2,1,"(4 , 32)",0,17
3,3,19,1,6,10,4,1,1,"(4 , 128)",0,24
3,2,14,1,4,8,4,1,1,"(3 , 128)",0,16
3,4,24,1,8,12,4,1,1,"(4 , 128)",0,32
3,3,22,1,9,13,4,1,2,"(4 , 128)",0,36
3,8,44,1,16,20,4,1,1,"(4 , 32)",0,64
1,1,4,1,1,3,3,1,1,"(1 , 64)",0,3
3,4,28,1,12,16,4,1,2,"(3 , 128)",0,48
2,8,35,1,16,19,3,1,2,"(4 , 5)",0,64
5,4,36,2,22,29,7,1,1,"(1 , 64)",0,60
1,1,3,1,0,2,2,1,1,"(4 , 32)",0,2
2,1,6,1,1,4,3,1,1,"(1 , 32)",0,5
4,1,7,1,1,4,3,2,1,"(1 , 32)",0,5
1,4,10,1,4,6,3,1,1,"(3 , 128)",0,12
3,2,6,1,0,3,2,2,1,"(3 , 32)",0,5
2,1,6,1,1,4,3,1,1,"(4 , 32)",0,5
1,1,4,2,1,4,3,1,1,"(4 , 128)",0,3
3,8,36,1,16,19,4,1,1,"(4 , 128)",0,56
1,1,3,1,0,2,2,1,1,"(4 , 32)",0,2
2,8,27,1,8,11,3,1,1,"(3 , 128)",0,40
2,1,6,1,1,4,3,1,1,"(4 , 128)",0,5
2,2,7,1,2,4,3,1,1,"(4 , 128)",0,8
1,1,3,1,0,2,2,1,1,"(1 , 32)",0,2
3,4,13,1,6,9,4,1,1,"(1 , 32)",0,19
3,6,17,1,9,12,4,1,1,"(4 , 5)",0,28
3,1,8,1,2,5,4,1,1,"(1 , 32)",0,7
3,8,21,1,12,15,4,1,1,"(1 , 5)",0,37
1,2,7,1,3,5,3,1,1,"(3 , 128)",0,8
2,8,27,1,8,11,3,1,1,"(1 , 5)",0,40
1,2,7,1,3,5,3,1,1,"(1 , 64)",0,8
3,1,9,3,3,9,4,1,1,"(1 , 5)",0,8
2,8,35,1,16,19,4,1,1,"(1 , 5)",0,56
1,2,7,1,3,5,3,1,1,"(4 , 5)",0,8
2,4,27,1,16,19,4,1,1,"(1 , 5)",0,40
1,2,7,1,3,5,3,1,1,"(1 , 64)",0,8
2,3,15,1,6,9,4,1,1,"(4 , 5)",0,21
2,2,11,1,4,7,4,1,1,"(4 , 5)",0,14
2,4,19,1,8,11,4,1,1,"(1 , 128)",0,28
2,1,5,1,1,3,3,1,1,"(1 , 128)",1,4
9,8,22,1,8,10,3,1,1,"(1 , 64)",0,35
2,4,12,1,7,10,4,1,1,"(1 , 128)",0,19
2,1,6,1,1,4,3,1,1,"(1 , 64)",0,5
3,8,28,1,8,12,3,1,1,"(1 , 5)",0,48
2,1,5,1,1,3,3,1,1,"(1 , 128)",1,4
2,8,19,1,8,10,3,1,1,"(1 , 5)",0,32
2,8,35,1,16,19,3,1,2,"(1 , 64)",0,64
3,8,28,1,8,12,3,1,1,"(1 , 5)",0,48
1,8,18,2,8,18,3,1,1,"(1 , 5)",0,24
7,5,36,1,26,28,5,1,2,"(4 , 5)",0,66
2,1,5,1,1,3,3,1,1,"(3 , 32)",0,4
2,4,12,1,4,7,3,1,1,"(3 , 64)",0,17
2,3,10,1,3,6,3,1,1,"(4 , 5)",0,13
2,2,8,1,2,5,3,1,1,"(1 , 64)",0,9
1,2,6,1,2,4,3,1,1,"(1 , 64)",0,6
4,8,22,1,8,13,3,3,1,"(2 , 32)",0,26
1,8,18,1,8,10,3,1,1,"(1 , 64)",0,24
4,1,10,1,2,6,4,1,1,"(4 , 5)",0,9
1,4,6,1,0,2,2,1,1,"(1 , 64)",0,8
2,8,83,1,64,67,5,1,2,"(1 , 5)",0,136
1,2,8,1,4,6,3,1,1,"(4 , 5)",0,10
1,2,8,1,4,6,3,1,1,"(1 , 64)",0,10
1,1,4,1,1,3,3,1,1,"(1 , 64)",0,3
1,2,8,1,4,6,3,1,1,"(1 , 5)",0,10
1,2,8,1,4,6,3,1,1,"(1 , 64)",0,10
1,1,3,1,0,2,2,1,1,"(1 , 64)",0,2
2,1,5,1,1,3,3,1,1,"(4 , 5)",1,4
1,1,3,1,0,2,2,1,1,"(4 , 1024)",0,2
2,1,6,1,1,4,3,1,1,"(1 , 5)",0,5
2,8,19,1,0,3,2,1,1,"(4 , 5)",0,32
2,8,35,1,16,19,3,1,2,"(1 , 5)",0,64
3,2,9,1,3,6,4,1,1,"(1 , 32)",0,9
1,2,4,1,0,2,2,1,1,"(4 , 5)",0,4
2,8,19,1,8,10,3,1,1,"(3 , 32)",0,32
1,2,6,1,2,4,3,1,1,"(4 , 5)",0,6
4,2,15,2,9,13,6,1,1,"(4 , 5)",0,15
2,8,27,1,8,11,3,1,1,"(4 , 5)",0,40
2,8,19,1,8,10,3,1,1,"(1 , 64)",0,32
3,8,22,1,14,17,5,1,1,"(4 , 5)",0,38
3,12,31,1,21,24,5,1,1,"(3 , 64)",0,57
3,16,40,1,28,31,5,1,1,"(1 , 64)",0,76
2,8,51,1,32,35,4,1,1,"(1 , 64)",0,80
3,32,76,1,56,59,5,1,1,"(1 , 64)",0,152
1,8,18,1,8,10,3,1,1,"(1 , 64)",0,24
2,1,6,1,1,4,3,1,1,"(4 , 5)",0,5
2,8,20,1,0,4,2,2,1,"(4 , 5)",0,32
1,1,3,1,0,2,2,1,1,"(1 , 64)",0,2
2,1,6,1,1,4,3,1,1,"(4 , 32)",0,5
3,8,52,1,24,28,4,1,2,"(4 , 5)",0,96
3,1,9,1,2,6,4,1,1,"(4 , 5)",0,8
2,1,6,2,1,5,3,1,1,"(1 , 64)",0,5
2,8,19,1,8,10,3,1,1,"(4 , 5)",0,32
3,2,14,4,5,13,6,1,1,"(1 , 64)",0,15
1,2,4,1,0,2,2,1,1,"(4 , 32)",0,4
3,2,11,1,4,8,4,1,1,"(4 , 5)",0,13
3,2,16,1,6,10,4,1,2,"(1 , 64)",0,24
1,8,10,1,0,2,2,1,1,"(4 , 5)",0,16
2,8,67,1,48,51,6,1,1,"(1 , 5)",0,88
2,8,19,1,8,10,3,1,1,"(4 , 5)",0,32
1,4,6,1,0,2,2,1,1,"(1 , 32)",0,8
4,4,22,1,8,12,3,2,1,"(1 , 32)",0,32
2,1,5,1,1,3,3,1,1,"(4 , 128)",0,4
2,8,19,1,8,10,3,1,1,"(4 , 5)",0,32
2,8,19,1,8,10,3,1,1,"(4 , 5)",0,32
1,8,10,1,0,2,2,1,1,"(1 , 64)",0,16
4,8,102,1,64,70,4,2,1,"(1 , 64)",0,160
5,4,14,1,4,6,3,1,1,"(1 , 5)",0,16
1,1,3,1,0,2,2,1,1,"(3 , 64)",0,2
2,1,6,1,1,4,3,1,1,"(1 , 5)",0,5
1,8,18,1,8,10,3,1,1,"(1 , 64)",0,24
2,1,6,1,1,4,3,1,1,"(1 , 64)",1,5
3,3,18,1,8,12,4,1,1,"(1 , 64)",0,28
3,4,32,1,16,20,4,1,1,"(1 , 64)",0,56
3,4,32,1,16,20,4,1,1,"(1 , 64)",0,56
3,8,52,1,24,28,4,1,1,"(2 , 64)",0,88
3,8,60,1,32,36,4,1,1,"(1 , 64)",0,112
1,3,8,1,3,5,3,1,1,"(4 , 5)",0,9
2,1,8,2,3,7,4,1,1,"(1 , 32)",0,7
3,32,125,1,88,92,9,2,1,"(3 , 64)",0,216
1,1,3,1,0,2,2,1,1,"(1 , 64)",0,2
1,1,3,1,0,2,2,1,1,"(4 , 5)",0,2
1,1,3,1,0,2,2,1,1,"(4 , 32)",0,2
2,1,6,1,1,4,3,1,1,"(4 , 32)",0,5
1,1,3,1,0,2,2,1,1,"(4 , 32)",0,2
4,2,12,1,4,8,4,1,1,"(4 , 32)",0,12
1,4,9,2,3,7,4,1,1,"(1 , 32)",0,11
2,1,6,3,2,8,4,1,1,"(4 , 32)",0,5
1,4,10,1,4,6,3,1,1,"(4 , 32)",0,12
1,2,6,1,2,4,3,1,1,"(1 , 64)",0,6
2,3,13,2,9,12,5,1,1,"(1 , 5)",0,18
2,8,59,1,40,43,5,1,2,"(1 , 64)",0,104
3,2,14,1,4,8,3,1,2,"(1 , 64)",0,22
3,2,9,1,2,6,3,1,1,"(1 , 64)",0,11
4,2,15,1,4,8,3,1,2,"(1 , 64)",0,23
2,8,27,1,8,11,3,1,1,"(1 , 64)",0,40
7,4,56,1,44,46,6,1,2,"(4 , 32)",0,112
3,4,24,1,8,12,3,1,2,"(4 , 32)",0,44
1,2,6,1,2,4,3,1,1,"(4 , 128)",2,6
1,3,8,1,3,5,3,1,1,"(4 , 32)",3,9
1,8,10,1,0,2,2,1,1,"(4 , 128)",0,16
1,4,10,1,4,6,3,1,1,"(4 , 32)",4,12
1,8,18,1,8,10,3,1,1,"(4 , 32)",8,24
1,1,3,1,0,2,2,1,1,"(4 , 32)",0,2
7,4,20,1,11,13,6,1,1,"(1 , 64)",0,28
7,4,20,1,11,13,6,1,1,"(1 , 5)",0,28
1,4,6,1,0,2,2,1,1,"(1 , 64)",0,8
7,4,20,1,11,13,6,1,1,"(3 , 128)",0,28
3,4,20,1,8,11,3,1,1,"(3 , 5)",0,32
2,4,11,1,0,3,2,1,1,"(1 , 32)",0,16
4,1,10,1,3,6,4,1,1,"(3 , 32)",0,9
1,2,8,1,4,6,3,1,1,"(4 , 32)",0,10
3,2,10,1,3,7,4,1,1,"(4 , 32)",0,12
2,2,9,1,4,7,4,1,1,"(4 , 32)",0,10
4,2,16,1,7,11,4,2,1,"(1 , 64)",0,18
4,8,33,1,22,26,5,1,1,"(1 , 5)",0,54
2,2,15,1,8,11,4,1,1,"(1 , 64)",0,20
2,4,27,1,16,19,4,1,1,"(1 , 5)",0,40
2,8,19,1,8,10,3,1,1,"(1 , 64)",0,32
3,4,29,2,16,28,4,1,2,"(1 , 5)",0,50
1,1,4,1,1,3,3,1,1,"(3 , 5)",0,3
2,4,23,1,12,15,4,1,1,"(1 , 32)",0,28
2,8,19,1,8,10,3,1,1,"(3 , 5)",0,32
2,2,11,1,4,7,3,1,2,"(1 , 128)",0,16
4,2,12,1,3,7,3,2,1,"(1 , 1024)",0,14
2,2,7,1,2,5,3,1,1,"(1 , 5)",0,8
1,1,4,2,1,4,3,1,1,"(1 , 64)",0,3
2,4,19,1,8,11,3,1,2,"(1 , 64)",0,32
1,8,18,1,8,10,3,1,1,"(4 , 32)",0,24
3,4,29,1,21,24,6,1,1,"(1 , 32)",1,48
1,2,6,1,2,4,3,1,1,"(4 , 128)",0,6
1,3,8,1,3,5,3,1,1,"(4 , 128)",0,9
1,4,10,1,4,6,3,1,1,"(1 , 128)",0,12
6,8,95,1,80,82,5,1,2,"(1 , 64)",0,208
1,8,18,1,8,10,3,1,1,"(3 , 128)",0,24
3,1,8,1,2,5,4,1,1,"(3 , 32)",0,7
4,16,77,1,56,59,4,1,1,"(1 , 128)",0,192
1,2,8,1,4,6,3,1,1,"(4 , 5)",0,10
3,2,12,1,4,7,4,1,1,"(4 , 5)",0,14
3,4,12,1,4,7,3,2,1,"(1 , 64)",0,13
1,4,11,1,6,9,4,2,1,"(4 , 5)",0,15
2,8,19,1,8,10,3,1,1,"(4 , 128)",0,32
1,8,10,1,0,2,2,1,1,"(1 , 64)",0,16
4,8,14,1,0,5,2,3,1,"(1 , 64)",0,18
3,1,12,1,5,9,5,1,1,"(1 , 5)",0,11
3,2,10,1,3,7,4,1,1,"(1 , 64)",0,12
6,4,29,1,20,22,5,1,2,"(1 , 64)",0,52
1,1,3,1,0,2,2,1,1,"(1 , 64)",0,2
6,4,29,1,20,22,5,1,2,"(1 , 128)",0,52
3,1,6,1,1,4,3,2,1,"(4 , 5)",0,4
6,4,29,1,20,22,5,1,2,"(4 , 5)",0,52
3,16,46,1,32,36,4,1,1,"(4 , 5)",0,90
3,3,22,1,9,13,4,1,2,"(1 , 128)",0,36
1,4,10,1,4,6,3,1,1,"(4 , 5)",0,12
1,3,8,1,3,5,3,1,1,"(1 , 64)",0,9
1,2,6,1,2,4,3,1,1,"(4 , 5)",0,6
3,2,6,1,0,3,2,2,1,"(4 , 5)",0,5
2,1,6,3,2,7,4,1,1,"(1 , 5)",0,5
2,8,20,1,4,7,5,1,1,"(1 , 32)",0,32
2,8,36,1,16,20,3,2,1,"(1 , 64)",0,48
2,2,9,1,4,7,4,1,1,"(4 , 5)",0,10
3,2,12,1,6,9,4,1,1,"(4 , 5)",0,14
3,3,17,1,9,12,4,1,1,"(3 , 32)",0,22
3,4,20,1,12,15,4,1,1,"(4 , 5)",0,28
3,2,11,2,3,8,4,1,1,"(1 , 64)",0,11
3,8,36,1,24,27,4,1,1,"(4 , 5)",0,56
1,4,6,1,0,2,2,1,1,"(4 , 5)",0,8
3,1,9,1,2,6,4,1,1,"(1 , 64)",0,8
3,8,36,1,16,19,4,1,1,"(1 , 64)",0,56
2,4,19,1,8,11,4,1,1,"(1 , 32)",0,24
3,2,46,1,36,40,12,1,2,"(3 , 64)",0,80
1,8,18,2,8,11,6,1,2,"(3 , 5)",0,32
9,8,26,1,8,10,3,1,1,"(3 , 5)",0,32
2,2,11,1,4,7,4,1,1,"(1 , 64)",0,12
2,3,15,1,6,9,4,1,1,"(1 , 64)",0,18
2,8,35,1,16,19,4,1,1,"(4 , 5)",0,48
3,2,12,1,4,8,4,1,1,"(1 , 64)",0,14
1,4,6,1,0,2,2,1,1,"(1 , 32)",0,8
1,1,4,1,1,3,3,1,1,"(1 , 32)",0,3
2,8,35,1,16,19,3,1,2,"(3 , 64)",0,64
4,2,19,1,8,12,4,1,1,"(1 , 64)",0,24
4,2,12,1,4,8,4,1,1,"(1 , 5)",0,12
5,2,20,1,8,12,4,1,1,"(1 , 32)",0,24
3,8,29,1,16,19,3,2,1,"(4 , 32)",0,56
4,4,33,1,16,20,4,1,1,"(4 , 5)",0,48
1,8,10,1,0,2,2,1,1,"(4 , 5)",0,16
4,32,118,1,96,100,4,2,1,"(1 , 64)",0,272
1,1,4,1,1,3,3,1,1,"(1 , 64)",0,3
2,8,19,1,8,10,3,1,1,"(1 , 128)",0,32
1,1,3,1,0,2,2,1,1,"(1 , 64)",0,2
2,4,15,2,4,8,5,1,1,"(1 , 64)",0,20
2,8,43,1,24,27,4,1,1,"(1 , 128)",0,72
2,1,5,1,0,3,2,1,1,"(4 , 5)",0,4
1,1,3,1,0,2,2,1,1,"(1 , 32)",0,2
1,1,3,1,0,2,2,1,1,"(4 , 32)",0,2
2,8,43,1,24,27,4,1,1,"(1 , 5)",0,56
1,8,18,1,8,10,3,1,1,"(1 , 64)",0,24
2,4,23,2,12,23,4,1,1,"(4 , 32)",0,28
2,8,19,1,8,10,3,1,1,"(1 , 64)",0,32
2,2,9,1,2,5,3,1,1,"(4 , 5)",0,10
2,3,12,1,3,6,3,1,1,"(1 , 64)",0,15
1,8,18,1,8,10,3,1,1,"(3 , 64)",0,24
3,8,26,1,16,20,4,1,1,"(4 , 5)",0,46
4,8,54,1,16,22,3,2,1,"(4 , 32)",0,80
2,4,15,1,4,7,3,1,1,"(4 , 128)",0,20
1,8,18,1,8,10,3,1,1,"(4 , 32)",0,24
1,1,4,1,1,3,3,1,1,"(1 , 64)",0,3
2,8,27,1,8,11,3,1,1,"(1 , 5)",0,40
11,6,62,1,48,50,9,1,2,"(1 , 64)",0,108
4,2,19,1,8,12,4,1,1,"(1 , 32)",0,24
4,3,26,1,12,16,4,1,1,"(1 , 32)",0,36
4,4,33,1,16,20,4,1,1,"(1 , 64)",0,48
4,8,61,1,32,36,4,1,1,"(1 , 64)",0,96
1,2,6,1,2,4,3,1,1,"(1 , 32)",0,6
8,4,41,1,30,32,7,1,2,"(1 , 64)",0,70
1,4,6,1,0,2,2,1,1,"(1 , 64)",0,8
11,6,62,1,48,50,9,1,2,"(1 , 128)",0,108
2,8,19,1,8,10,3,1,1,"(4 , 128)",0,32
2,4,15,2,4,8,5,1,1,"(1 , 128)",0,20
2,4,20,1,8,12,3,2,1,"(1 , 64)",0,24
2,1,6,1,1,4,3,1,1,"(4 , 32)",0,5
3,16,37,1,24,27,4,1,1,"(1 , 5)",0,73
6,2,18,1,7,11,4,2,1,"(1 , 5)",0,18
3,8,44,1,16,20,3,1,2,"(1 , 32)",0,88
3,4,16,1,8,10,3,1,1,"(3 , 5)",0,28
2,8,23,1,16,18,5,1,1,"(1 , 32)",0,36
1,8,27,1,16,19,3,2,1,"(4 , 5)",0,40
2,8,23,1,16,18,5,1,1,"(1 , 32)",0,36
3,2,8,1,2,5,3,2,1,"(1 , 5)",0,7
2,1,6,2,1,5,3,1,1,"(4 , 32)",0,5
3,4,11,1,6,8,4,1,1,"(3 , 64)",0,17
1,8,27,1,16,19,3,2,1,"(4 , 128)",0,40
2,8,23,1,16,18,5,1,1,"(1 , 64)",0,36
1,8,27,1,16,19,3,2,1,"(4 , 5)",0,40
2,8,19,1,0,3,2,1,1,"(4 , 128)",0,32
2,8,23,1,16,18,5,1,1,"(4 , 5)",0,36
3,2,8,1,2,4,3,1,1,"(3 , 5)",0,8
2,4,15,1,8,10,4,1,1,"(1 , 32)",8,20
2,3,12,1,6,8,4,1,1,"(1 , 32)",6,15
2,2,9,1,4,6,4,1,1,"(1 , 32)",4,10
2,4,12,1,7,9,5,1,1,"(1 , 32)",0,16
2,8,27,1,8,11,3,1,1,"(3 , 5)",0,40
1,4,14,1,8,10,3,1,1,"(1 , 32)",0,20
1,1,5,1,0,3,4,1,1,"(4 , 5)",0,4
2,8,19,1,8,10,9,1,1,"(3 , 128)",0,25
1,1,4,1,1,3,3,1,1,"(1 , 32)",0,3
2,2,7,1,2,4,4,1,1,"(1 , 64)",0,7
1,4,14,1,8,10,3,1,1,"(4 , 32)",0,20
2,4,11,1,4,6,5,1,1,"(1 , 32)",0,13
6,4,51,1,40,42,5,1,2,"(3 , 128)",0,104
1,8,18,1,8,10,3,1,1,"(3 , 128)",0,24
6,4,51,1,40,42,5,1,2,"(3 , 128)",0,104
1,8,19,1,0,3,4,1,1,"(4 , 32)",0,32
1,1,3,1,0,2,2,1,1,"(1 , 64)",0,2
2,4,15,1,4,7,3,1,1,"(1 , 64)",0,20
6,4,51,1,40,42,5,1,2,"(3 , 128)",0,104
1,2,6,1,2,4,3,1,1,"(3 , 128)",2,6
1,3,8,1,3,5,3,1,1,"(4 , 5)",3,9
1,4,10,1,4,6,3,1,1,"(4 , 128)",4,12
2,4,12,1,7,9,5,1,1,"(1 , 5)",0,16
6,4,51,1,40,42,5,1,2,"(1 , 5)",0,104
3,4,16,1,4,8,3,1,1,"(1 , 128)",0,24
3,8,36,1,16,19,4,1,1,"(1 , 5)",0,56
3,8,44,1,24,27,4,1,1,"(1 , 5)",0,64
1,2,8,1,4,6,3,1,1,"(1 , 5)",0,10
2,3,12,1,6,8,4,1,1,"(3 , 32)",6,15
2,8,19,1,8,10,3,1,1,"(4 , 32)",0,32
3,2,10,1,2,6,3,1,1,"(1 , 64)",0,12
1,1,3,1,0,2,2,1,1,"(1 , 64)",0,2
2,8,19,1,8,10,3,1,1,"(1 , 32)",0,32
4,1,7,1,1,4,3,2,1,"(1 , 64)",0,5
4,2,12,1,4,8,4,1,1,"(4 , 128)",0,12
1,4,6,1,0,2,2,1,1,"(1 , 5)",0,8
1,8,18,1,8,10,3,1,1,"(1 , 5)",0,24
3,4,28,1,12,16,4,1,1,"(1 , 5)",0,44
3,2,16,1,6,10,4,1,1,"(3 , 32)",0,22
6,4,27,1,18,20,4,1,2,"(1 , 64)",0,50
3,2,10,1,3,7,4,1,1,"(4 , 5)",0,11
3,2,15,1,5,9,4,1,1,"(1 , 5)",0,19
2,2,7,1,2,4,3,1,1,"(1 , 32)",0,8
2,3,9,1,3,5,3,1,1,"(1 , 5)",0,12
2,4,11,1,4,6,3,1,1,"(1 , 5)",0,16
3,4,24,1,12,15,4,1,1,"(1 , 5)",0,32
2,8,19,1,8,10,3,1,1,"(1 , 1024)",0,32
3,2,14,1,6,9,4,1,1,"(1 , 5)",0,16
2,8,19,1,8,10,3,1,1,"(4 , 128)",0,32
3,1,9,1,3,6,4,1,1,"(4 , 5)",0,8
4,2,13,1,4,7,4,1,1,"(4 , 5)",0,14
2,7,11,1,0,3,2,1,1,"(3 , 64)",0,16
1,2,6,1,2,4,3,1,1,"(4 , 5)",0,6
1,3,8,1,3,5,3,1,1,"(4 , 5)",0,9
1,4,10,1,4,6,3,1,1,"(4 , 128)",0,12
3,4,16,1,4,8,3,1,1,"(4 , 32)",0,24
1,8,18,1,8,10,3,1,1,"(1 , 5)",0,24
1,1,3,1,0,2,2,1,1,"(1 , 64)",0,2
2,4,12,1,7,9,5,1,1,"(3 , 32)",0,16
4,8,25,1,12,15,3,1,1,"(1 , 32)",0,44
2,8,43,1,24,27,5,1,1,"(1 , 64)",0,64
4,4,12,1,3,5,2,1,1,"(1 , 32)",0,14
3,8,24,1,12,15,4,1,1,"(1 , 64)",0,40
3,4,14,1,6,9,4,1,1,"(1 , 64)",0,20
3,6,19,1,9,12,4,1,1,"(1 , 64)",0,30
3,4,16,1,8,10,3,1,1,"(1 , 64)",0,28
2,8,35,1,16,19,3,1,1,"(4 , 5)",0,48
3,16,44,1,24,27,4,1,1,"(4 , 5)",0,80
2,4,15,1,4,7,3,1,1,"(1 , 64)",0,20
3,3,15,1,6,10,4,1,1,"(1 , 64)",0,20
2,2,9,1,2,5,3,1,1,"(1 , 64)",0,10
2,3,12,1,3,6,3,1,1,"(1 , 64)",0,15
2,8,27,1,8,11,3,1,1,"(3 , 64)",0,40
2,8,59,1,40,43,5,1,1,"(1 , 128)",0,72
7,2,28,1,18,20,6,1,2,"(1 , 64)",0,42
7,2,28,1,18,20,6,1,2,"(1 , 64)",0,42
2,8,27,1,8,11,3,1,1,"(1 , 128)",0,40
1,2,6,1,2,4,3,1,1,"(4 , 5)",0,6
2,1,6,1,1,4,3,1,1,"(1 , 64)",1,5
7,2,28,1,18,20,6,1,2,"(1 , 32)",0,42
3,8,36,1,16,19,4,1,1,"(4 , 5)",0,56
1,2,4,1,0,2,2,1,1,"(1 , 32)",0,4
2,8,27,1,8,11,3,1,1,"(4 , 5)",0,40
2,1,6,1,1,4,3,1,1,"(4 , 5)",1,5
6,8,95,1,80,82,5,1,2,"(1 , 5)",0,208
2,4,15,1,4,7,3,1,1,"(1 , 5)",0,20
6,8,95,1,80,82,5,1,2,"(1 , 32)",0,208
2,2,9,1,4,7,4,1,1,"(3 , 32)",0,10
6,8,95,1,80,82,5,1,2,"(1 , 5)",0,208
4,2,16,1,7,11,4,2,1,"(4 , 128)",0,18
6,4,17,1,9,11,4,1,1,"(1 , 32)",0,25
3,8,68,1,40,44,4,1,1,"(1 , 32)",0,112
6,4,17,1,9,11,4,1,1,"(1 , 64)",0,25
6,4,17,1,9,11,4,1,1,"(4 , 5)",0,25
6,4,17,1,9,11,4,1,1,"(1 , 5)",0,25
1,4,10,1,4,6,3,1,1,"(1 , 32)",0,12
2,1,6,1,1,4,3,1,1,"(1 , 64)",0,5
2,4,12,1,6,9,4,2,1,"(4 , 32)",0,16
2,8,19,1,0,3,2,1,1,"(3 , 32)",0,32
1,8,18,1,8,10,3,1,1,"(4 , 128)",8,24
1,2,6,1,2,4,3,1,1,"(4 , 5)",2,6
1,3,8,1,3,5,3,1,1,"(4 , 5)",3,9
3,1,9,1,2,6,4,1,1,"(1 , 32)",0,8
1,4,10,1,4,6,3,1,1,"(1 , 64)",4,12
2,1,6,2,1,5,3,1,1,"(1 , 32)",0,5
1,1,3,1,0,2,2,1,1,"(4 , 32)",0,2
2,4,15,1,4,7,3,1,1,"(1 , 64)",4,20
1,2,6,1,2,4,3,1,1,"(1 , 32)",0,6
3,2,14,1,7,11,5,1,1,"(4 , 5)",0,16
1,1,4,1,1,3,3,1,1,"(4 , 128)",0,3
3,2,10,1,4,7,4,2,1,"(3 , 32)",0,9
3,4,44,1,28,32,5,1,1,"(1 , 32)",0,64
1,4,10,1,4,6,3,1,1,"(1 , 64)",0,12
2,8,35,1,16,19,4,1,1,"(1 , 64)",0,48
1,8,18,1,8,10,3,1,1,"(3 , 32)",0,24
4,8,70,1,32,38,4,2,1,"(4 , 128)",0,112
5,2,24,1,12,17,5,2,1,"(1 , 32)",0,28
3,2,24,1,14,18,5,1,1,"(1 , 64)",0,32
1,8,27,1,16,19,3,2,1,"(1 , 64)",0,40
3,4,24,1,18,20,4,1,2,"(1 , 64)",0,46
2,8,36,1,16,20,3,2,2,"(1 , 32)",0,64
2,8,20,1,8,11,3,1,1,"(4 , 32)",0,33
2,8,43,1,24,27,3,1,1,"(1 , 32)",0,88
2,8,19,1,8,10,3,1,1,"(1 , 64)",0,32
2,8,20,1,8,11,3,1,1,"(1 , 64)",0,33
1,1,3,1,0,2,2,1,1,"(3 , 32)",0,2
3,6,38,1,16,20,9,1,2,"(2 , 32)",0,68
3,1,9,1,3,6,4,1,1,"(1 , 32)",0,8
1,2,8,1,4,6,3,1,1,"(3 , 32)",0,10
1,2,7,1,3,5,3,1,1,"(3 , 32)",0,8
2,2,15,1,8,11,4,1,1,"(4 , 128)",0,20
1,4,14,1,8,10,3,1,1,"(4 , 5)",0,20
1,4,14,1,8,10,3,1,1,"(3 , 32)",0,20
1,1,3,1,0,2,2,1,1,"(3 , 32)",0,2
2,2,15,1,8,11,4,1,1,"(1 , 32)",0,20
1,1,3,1,0,2,2,1,1,"(4 , 1024)",0,2
1,1,3,1,0,2,2,1,1,"(4 , 5)",0,2
1,2,4,1,0,2,2,1,1,"(1 , 64)",0,4
1,4,14,1,8,10,3,1,1,"(4 , 5)",0,20
1,1,3,1,0,2,2,1,1,"(4 , 5)",0,2
6,4,47,1,36,38,4,1,2,"(1 , 64)",0,100
4,8,22,1,8,13,3,3,1,"(3 , 32)",0,26
2,8,51,1,32,35,4,1,1,"(4 , 5)",0,80
4,7,62,1,48,52,6,1,1,"(1 , 64)",0,126
6,4,47,1,36,38,4,1,2,"(1 , 64)",0,100
4,8,81,1,64,68,6,1,1,"(2 , 64)",0,168
2,8,29,1,18,20,6,1,1,"(1 , 32)",0,44
6,4,47,1,36,38,4,1,2,"(1 , 5)",0,100
2,4,31,1,20,23,5,1,2,"(4 , 5)",0,52
2,2,17,1,10,13,5,1,2,"(4 , 128)",0,26
4,2,18,1,9,13,4,2,1,"(1 , 64)",0,23
6,4,47,1,36,38,4,1,2,"(4 , 5)",0,100
2,8,36,1,16,20,3,2,1,"(1 , 64)",0,48
1,1,4,1,1,3,3,1,1,"(1 , 64)",0,3
5,2,20,1,8,12,4,1,1,"(3 , 32)",0,24
1,1,4,1,1,3,3,1,1,"(4 , 128)",0,3
1,1,4,1,1,3,3,1,1,"(1 , 32)",0,3
2,1,5,2,1,4,3,1,1,"(4 , 128)",0,4
7,3,20,1,9,11,3,1,1,"(1 , 64)",2,25
1,1,4,1,1,3,3,1,1,"(1 , 64)",0,3
4,8,70,1,32,38,4,2,1,"(4 , 128)",0,96
2,8,27,1,8,11,3,1,1,"(1 , 32)",0,40
3,2,10,1,4,6,3,1,2,"(1 , 64)",0,14
2,8,19,1,8,10,3,1,1,"(2 , 64)",0,32
2,4,15,1,4,7,3,1,1,"(1 , 64)",0,20
1,2,4,1,0,2,2,1,1,"(3 , 32)",0,4
1,1,4,1,1,3,3,1,1,"(1 , 64)",0,3
2,2,9,1,2,5,3,1,1,"(1 , 32)",0,10
2,3,12,1,3,6,3,1,1,"(1 , 64)",0,15
2,2,10,1,3,6,4,1,1,"(4 , 32)",0,11
2,8,27,1,8,11,3,1,1,"(1 , 64)",0,40
1,1,4,1,1,3,3,1,1,"(1 , 32)",0,3
1,1,4,1,1,3,3,1,1,"(1 , 32)",0,3
1,1,4,1,1,3,3,1,1,"(1 , 64)",0,3
2,8,19,1,8,10,3,1,1,"(3 , 5)",0,32
2,16,44,1,32,35,5,2,1,"(1 , 64)",0,72
2,16,44,1,32,35,5,2,1,"(3 , 32)",0,72
7,4,26,1,10,14,5,2,1,"(1 , 5)",0,35
1,1,5,1,2,4,4,1,1,"(1 , 32)",0,4
2,1,6,3,2,8,4,1,1,"(1 , 32)",0,5
2,8,19,1,8,10,3,1,1,"(1 , 64)",0,32
2,16,44,1,32,35,5,2,1,"(4 , 5)",0,72
4,1,11,1,3,7,5,1,1,"(1 , 32)",0,10
2,8,19,1,8,10,3,1,1,"(1 , 64)",0,32
2,16,44,1,32,35,5,2,1,"(1 , 5)",0,72
1,8,10,1,0,2,2,1,1,"(1 , 64)",0,16
1,1,4,2,1,4,3,1,1,"(1 , 64)",0,3
3,8,36,1,16,19,4,1,1,"(1 , 128)",0,56
1,4,6,1,0,2,2,1,1,"(1 , 64)",0,8
3,8,28,1,16,19,4,1,1,"(4 , 5)",0,48
2,4,15,1,4,7,3,1,1,"(4 , 5)",0,20
1,1,3,1,0,2,2,1,1,"(4 , 128)",0,2
1,8,18,1,8,10,3,1,1,"(1 , 64)",0,24
3,2,10,1,4,7,4,1,1,"(1 , 64)",0,12
3,3,14,1,6,9,4,1,1,"(1 , 64)",0,19
1,3,8,1,3,5,3,1,1,"(1 , 5)",0,9
7,16,112,1,80,84,6,1,1,"(1 , 32)",0,200
1,8,18,1,8,10,3,1,1,"(4 , 32)",0,24
2,2,7,3,3,8,4,1,1,"(1 , 64)",0,7
2,1,6,1,1,4,3,1,1,"(4 , 5)",0,5
7,8,43,1,16,22,3,2,1,"(1 , 64)",0,68
2,8,19,1,8,10,3,1,1,"(4 , 5)",0,32
1,4,14,1,8,10,3,1,1,"(1 , 32)",0,20
1,1,4,1,1,3,3,1,1,"(1 , 32)",0,3
2,4,13,1,8,10,5,1,1,"(4 , 5)",0,18
1,4,10,1,4,6,3,1,1,"(4 , 5)",0,12
1,8,10,1,0,2,2,1,1,"(1 , 32)",0,16
1,8,10,1,0,2,2,1,1,"(4 , 128)",0,16
1,8,18,1,8,10,3,1,1,"(1 , 64)",8,24
2,8,43,1,24,27,4,1,1,"(1 , 64)",0,80
1,4,10,1,4,6,3,1,1,"(1 , 64)",4,12
1,3,8,1,3,5,3,1,1,"(1 , 64)",3,9
1,2,6,1,2,4,3,1,1,"(1 , 64)",2,6
2,1,6,1,1,4,3,1,1,"(3 , 32)",0,5
10,4,58,1,40,44,9,1,2,"(1 , 32)",0,100
3,8,44,1,16,20,4,1,1,"(4 , 5)",0,64
3,4,24,1,8,12,4,1,1,"(4 , 128)",0,32
3,3,19,1,6,10,4,1,1,"(1 , 64)",0,24
3,2,14,1,4,8,4,1,1,"(4 , 128)",0,16
3,3,22,1,9,13,4,1,2,"(1 , 32)",0,36
3,2,16,1,6,10,4,1,2,"(3 , 32)",0,24
1,2,6,1,2,4,3,1,1,"(4 , 5)",0,6
4,2,12,1,4,8,4,1,1,"(4 , 5)",0,12
3,4,28,1,12,16,4,1,2,"(1 , 32)",0,48
3,8,52,1,24,28,4,1,2,"(1 , 5)",0,96
3,2,10,1,2,6,3,1,1,"(1 , 32)",0,12
4,2,19,1,8,12,4,1,1,"(1 , 64)",0,24
1,3,8,1,3,5,3,1,1,"(1 , 64)",0,9
1,2,6,1,2,4,3,1,1,"(1 , 32)",0,6
2,4,15,1,4,7,3,1,1,"(3 , 32)",0,20
1,2,4,1,0,2,2,1,1,"(3 , 32)",0,4
3,8,36,1,16,19,4,1,1,"(2 , 64)",0,56
2,2,9,1,2,5,3,1,1,"(1 , 32)",0,10
2,3,12,1,3,6,3,1,1,"(1 , 32)",0,15
2,8,27,1,8,11,3,1,1,"(3 , 32)",0,40
1,2,6,1,2,4,3,1,1,"(1 , 32)",0,6
1,1,3,1,0,2,2,1,1,"(4 , 128)",0,2
7,4,20,1,4,8,3,1,1,"(4 , 128)",0,24
2,4,23,1,12,15,4,1,1,"(3 , 5)",0,36
4,1,7,1,1,4,3,2,1,"(1 , 32)",0,5
14,7,71,1,48,52,4,2,1,"(1 , 128)",0,109
1,1,3,1,0,2,2,1,1,"(3 , 32)",0,2
2,4,12,1,7,10,4,1,1,"(1 , 32)",0,19
4,4,33,1,16,20,4,1,1,"(3 , 32)",0,48
3,4,14,1,6,9,4,1,2,"(1 , 64)",0,24
6,3,17,1,6,10,4,2,1,"(1 , 64)",0,22
3,3,9,1,3,6,4,1,1,"(1 , 64)",0,12
5,2,20,1,8,12,4,1,1,"(4 , 32)",0,24
4,2,12,1,4,8,4,1,1,"(3 , 32)",0,12
4,2,19,1,8,12,4,1,1,"(3 , 32)",0,24
3,8,24,1,12,15,4,1,1,"(1 , 32)",0,48
1,1,4,1,1,3,3,1,1,"(1 , 64)",0,3
5,4,33,2,19,27,4,1,1,"(1 , 32)",0,54
2,1,7,3,3,10,5,1,1,"(3 , 5)",0,6
1,2,5,1,2,4,3,1,1,"(1 , 64)",0,5
2,8,19,1,8,10,3,1,1,"(1 , 32)",0,32
2,8,19,1,8,10,3,1,1,"(1 , 128)",8,32
6,4,18,1,10,12,5,1,1,"(1 , 32)",0,26
1,2,5,1,2,4,3,1,1,"(3 , 32)",0,5
2,4,15,1,4,7,3,1,1,"(1 , 32)",0,20
4,4,17,1,8,11,9,2,1,"(3 , 32)",0,21
1,2,5,1,2,4,3,1,1,"(3 , 32)",0,5
2,16,44,1,32,35,5,2,1,"(1 , 32)",0,72
4,2,11,1,4,7,5,2,1,"(1 , 32)",0,11
4,2,10,1,3,6,4,2,1,"(1 , 32)",0,9
4,1,8,1,2,5,4,2,1,"(1 , 32)",0,6
4,3,11,1,4,7,4,1,1,"(4 , 128)",0,14
2,8,20,2,9,12,3,1,1,"(3 , 128)",0,33
4,3,15,1,8,11,6,1,1,"(1 , 64)",0,19
2,1,6,1,1,4,3,1,1,"(3 , 64)",0,5
2,8,35,1,16,19,4,1,1,"(1 , 32)",0,48
2,3,15,1,6,9,4,1,1,"(4 , 5)",0,18
2,2,11,1,4,7,4,1,1,"(1 , 64)",0,12
2,8,27,1,8,11,3,1,1,"(4 , 128)",0,40
2,4,19,1,8,11,4,1,1,"(4 , 5)",0,24
3,1,9,1,2,6,4,1,1,"(4 , 5)",0,8
1,2,6,1,2,4,3,1,1,"(4 , 128)",0,6
2,2,7,1,2,5,3,1,1,"(1 , 32)",0,8
2,8,19,1,8,10,3,1,1,"(1 , 64)",0,32
9,8,26,1,8,10,3,1,1,"(1 , 5)",0,32
2,4,11,1,4,6,3,1,1,"(4 , 5)",0,16
2,3,9,1,3,5,3,1,1,"(1 , 32)",0,12
2,2,7,1,2,4,3,1,1,"(1 , 32)",0,8
1,1,5,1,2,4,4,1,1,"(1 , 32)",0,4
2,1,6,1,1,4,3,1,1,"(1 , 32)",0,5
4,8,54,1,16,22,3,2,1,"(2 , 128)",0,80
1,2,6,1,2,4,3,1,1,"(4 , 5)",0,6
6,8,95,1,80,82,5,1,2,"(2 , 128)",0,208
3,2,9,1,3,6,4,1,1,"(4 , 32)",0,10
1,1,5,1,2,4,4,1,1,"(1 , 64)",0,4
3,4,18,1,8,12,4,1,1,"(4 , 128)",0,26
1,1,5,1,2,4,4,1,1,"(4 , 5)",0,4
3,16,46,1,32,36,4,1,1,"(3 , 64)",0,90
1,3,8,1,3,5,3,1,1,"(1 , 32)",0,9
2,8,35,1,16,19,3,1,1,"(1 , 64)",0,48
3,8,28,4,12,20,7,1,1,"(4 , 128)",0,36
2,1,6,2,1,5,3,1,1,"(2 , 5)",0,5
2,8,35,1,16,19,3,1,1,"(4 , 5)",0,48
2,8,35,1,16,19,3,1,1,"(1 , 32)",0,48
2,8,35,1,16,19,3,1,1,"(2 , 128)",0,48
1,1,3,1,0,2,2,1,1,"(1 , 64)",0,2
2,4,31,1,20,23,4,1,1,"(1 , 5)",0,44
5,3,27,1,17,21,8,1,1,"(1 , 32)",2,34
3,2,10,1,2,6,3,1,1,"(3 , 5)",0,12
3,1,9,1,2,6,4,1,1,"(1 , 64)",0,8
1,8,18,1,8,10,3,1,1,"(1 , 64)",0,24
1,1,4,1,1,3,3,1,1,"(1 , 64)",0,3
1,8,17,2,7,13,5,1,1,"(1 , 5)",0,23
3,4,16,1,8,10,3,1,1,"(1 , 64)",0,28
2,1,6,1,1,4,3,1,1,"(1 , 64)",1,5
4,4,37,1,28,31,5,1,2,"(1 , 64)",0,72
2,1,5,1,0,3,2,1,1,"(1 , 5)",0,4
1,8,18,2,8,11,6,1,1,"(3 , 5)",0,24
6,4,34,1,23,27,5,2,2,"(1 , 64)",0,58
2,4,39,1,28,31,4,1,1,"(1 , 64)",0,76
1,8,10,1,0,2,2,1,1,"(1 , 64)",0,16
1,4,10,1,4,6,3,1,1,"(1 , 64)",0,12
1,4,10,1,4,6,3,1,1,"(2 , 32)",0,12
6,8,95,1,80,82,5,1,2,"(1 , 32)",0,208
1,1,4,1,1,3,3,1,1,"(1 , 32)",0,3
2,3,9,1,3,5,3,1,1,"(4 , 5)",3,12
1,4,14,1,8,10,3,1,1,"(1 , 64)",0,20
2,4,11,1,4,6,3,1,1,"(1 , 64)",4,16
1,4,10,1,4,6,3,1,1,"(1 , 64)",0,12
3,8,44,1,32,34,4,1,2,"(3 , 1024)",0,88
2,8,19,1,8,10,3,1,1,"(1 , 32)",8,32
1,4,10,1,4,6,3,1,1,"(1 , 64)",0,12
2,8,27,1,8,11,3,1,1,"(1 , 32)",0,40
6,3,16,1,6,10,6,1,1,"(1 , 32)",0,17
2,3,12,1,3,6,3,1,1,"(1 , 32)",0,15
2,2,9,1,2,5,3,1,1,"(3 , 32)",0,10
2,4,15,1,4,7,3,1,1,"(1 , 64)",0,20
2,1,6,1,1,4,3,1,1,"(1 , 32)",0,5
3,2,10,1,2,6,3,1,1,"(1 , 64)",0,12
3,16,44,1,24,27,4,1,1,"(1 , 64)",0,80
2,16,27,1,16,18,3,1,1,"(4 , 5)",0,56
2,2,11,1,4,7,3,1,2,"(3 , 32)",0,16
4,2,12,1,4,8,4,1,1,"(4 , 128)",0,12
2,2,7,1,2,5,3,1,1,"(2 , 32)",0,8
4,2,12,1,3,7,3,2,1,"(4 , 5)",0,14
2,4,19,1,8,11,3,1,2,"(3 , 32)",0,32
1,1,3,1,0,2,2,1,1,"(3 , 32)",0,2
4,8,54,1,16,22,3,2,1,"(4 , 32)",0,80
1,2,7,1,3,5,3,1,1,"(3 , 32)",0,8
4,4,21,1,14,17,5,1,2,"(4 , 5)",0,36
6,4,34,1,23,27,5,2,2,"(3 , 32)",0,58
1,2,7,1,3,5,3,1,1,"(3 , 32)",0,8
4,4,37,1,28,31,5,1,2,"(3 , 32)",0,72
1,2,7,1,3,5,3,1,1,"(1 , 32)",0,8
3,2,10,1,4,6,3,1,2,"(1 , 64)",0,14
3,5,15,1,5,9,3,2,1,"(4 , 5)",0,20
1,2,7,1,3,5,3,1,1,"(1 , 64)",0,8
2,1,5,1,1,3,3,1,1,"(2 , 64)",0,4
4,16,77,1,56,59,4,1,1,"(1 , 5)",0,192
2,1,5,1,1,3,3,1,1,"(1 , 64)",0,4
1,1,3,1,0,2,2,1,1,"(4 , 32)",0,2
1,2,5,2,1,4,3,1,1,"(1 , 32)",0,5
2,4,27,1,16,19,4,1,1,"(3 , 32)",0,40
2,8,36,1,16,20,3,2,1,"(1 , 64)",0,48
2,2,15,1,8,11,4,1,1,"(1 , 64)",0,20
8,2,29,1,16,19,7,1,2,"(3 , 64)",0,44
2,2,9,1,4,7,4,1,1,"(1 , 32)",0,10
2,8,35,1,16,19,4,1,1,"(4 , 5)",0,56
1,4,10,1,4,6,3,1,1,"(4 , 32)",0,12
2,8,23,1,16,18,5,1,1,"(3 , 32)",0,36
4,2,11,1,4,7,5,1,1,"(1 , 64)",0,11
2,1,6,3,2,7,4,1,1,"(1 , 64)",0,5
2,8,19,1,8,10,3,1,1,"(4 , 128)",0,32
12,12,132,2,98,110,12,1,1,"(4 , 128)",0,228
1,1,4,1,1,3,3,1,1,"(4 , 32)",0,3
4,16,61,1,32,36,4,1,1,"(4 , 128)",0,120
1,1,4,1,1,3,3,1,1,"(1 , 64)",0,3
5,3,20,1,10,15,5,2,1,"(1 , 5)",0,24
1,1,4,1,1,3,3,1,1,"(3 , 32)",0,3
2,2,11,1,4,7,3,1,2,"(1 , 64)",0,16
3,2,8,2,3,6,4,1,1,"(4 , 128)",0,8
3,4,32,1,16,20,4,1,1,"(1 , 64)",0,52
3,2,18,1,8,12,4,1,2,"(1 , 32)",0,26
3,16,100,1,80,83,8,1,1,"(4 , 128)",0,168
3,2,11,1,4,8,4,1,1,"(1 , 64)",0,13
5,8,46,1,24,27,6,1,1,"(4 , 5)",0,80
2,8,35,1,16,19,3,1,2,"(1 , 32)",0,64
3,1,5,1,0,3,2,2,1,"(1 , 32)",0,3
1,2,8,1,4,6,3,1,1,"(1 , 32)",0,10
5,3,24,1,12,16,6,1,1,"(4 , 5)",0,33
2,8,36,1,16,20,3,2,1,"(1 , 32)",0,48
1,2,8,1,4,6,3,1,1,"(2 , 64)",0,10
1,2,8,1,4,6,3,1,1,"(2 , 64)",0,10
2,2,10,1,5,8,5,1,1,"(1 , 32)",0,13
1,2,8,1,4,6,3,1,1,"(4 , 5)",0,10
7,4,56,1,44,46,6,1,2,"(1 , 64)",0,112
3,2,6,1,0,3,2,2,1,"(1 , 32)",0,5
4,1,10,1,3,6,4,1,1,"(1 , 32)",0,9
1,2,4,1,0,2,2,1,1,"(4 , 5)",0,4
7,4,56,1,44,46,6,1,2,"(1 , 32)",0,112
2,8,27,1,8,11,3,1,1,"(1 , 128)",0,40
2,8,27,1,8,11,3,1,1,"(3 , 5)",0,40
7,4,56,1,44,46,6,1,2,"(1 , 64)",0,112
1,8,27,1,16,19,3,2,1,"(1 , 64)",0,40
2,1,6,2,1,5,3,1,1,"(3 , 5)",0,5
2,1,6,2,1,5,3,1,1,"(1 , 32)",0,5
2,2,9,1,2,5,3,1,1,"(4 , 128)",0,10
7,4,56,1,44,46,6,1,2,"(1 , 32)",0,112
1,2,5,1,2,4,3,1,1,"(1 , 64)",0,5
4,1,10,3,3,9,4,1,1,"(1 , 128)",0,9
1,3,8,1,3,5,3,1,1,"(1 , 32)",0,9
3,16,92,1,72,75,6,1,1,"(1 , 64)",0,136
3,8,28,1,8,12,3,1,1,"(3 , 5)",0,48
3,4,16,1,4,8,3,1,1,"(1 , 64)",0,24
2,4,19,1,8,11,3,1,2,"(1 , 32)",0,32
5,16,87,1,48,54,4,2,1,"(1 , 64)",0,144
6,8,74,2,34,56,6,2,1,"(1 , 64)",0,102
1,1,4,1,1,3,3,1,1,"(4 , 5)",0,3
10,8,35,1,16,18,4,1,1,"(4 , 32)",0,48
3,4,12,1,4,7,3,1,2,"(1 , 64)",0,20
1,4,10,1,4,6,3,1,1,"(4 , 32)",0,12
2,4,19,1,8,11,3,1,2,"(1 , 64)",0,32
3,4,8,1,0,3,2,2,1,"(1 , 64)",0,9
1,1,4,1,1,3,3,1,1,"(4 , 32)",0,3
2,2,7,1,2,5,3,1,1,"(1 , 32)",0,8
4,2,12,1,3,7,3,2,1,"(4 , 5)",0,14
3,2,10,1,3,7,5,1,1,"(4 , 5)",0,10
1,4,10,1,4,6,3,1,1,"(4 , 128)",0,12
2,2,11,1,4,7,3,1,2,"(2 , 64)",0,16
1,1,4,1,1,3,3,1,1,"(1 , 5)",0,3
1,1,4,1,1,3,3,1,1,"(1 , 5)",0,3
1,4,10,1,4,6,3,1,1,"(1 , 64)",0,12
2,3,10,2,5,10,4,1,1,"(4 , 32)",0,15
3,2,9,2,3,7,4,1,1,"(1 , 64)",0,10
2,3,9,2,4,8,3,1,1,"(1 , 64)",0,13
1,4,10,1,4,6,3,1,1,"(1 , 64)",0,12
2,8,27,1,8,11,3,1,1,"(1 , 64)",0,40
3,4,12,1,4,6,3,1,1,"(3 , 5)",0,16
3,4,24,1,12,15,4,1,1,"(4 , 5)",0,32
3,8,28,1,8,12,3,1,1,"(1 , 64)",0,48
2,8,27,1,8,11,3,1,1,"(1 , 32)",0,40
2,8,27,1,8,11,3,1,1,"(4 , 32)",0,40
3,1,9,1,3,6,4,1,1,"(4 , 5)",0,8
1,4,6,1,0,2,2,1,1,"(4 , 5)",0,8
3,2,14,1,6,9,4,1,1,"(4 , 32)",0,16
3,4,18,1,8,12,4,1,1,"(4 , 5)",0,26
2,1,6,3,2,8,4,1,1,"(1 , 64)",0,5
2,4,15,1,4,7,3,1,1,"(2 , 64)",0,20
4,8,61,1,32,36,4,1,1,"(4 , 5)",0,96
3,16,44,1,32,34,5,1,1,"(4 , 32)",0,80
2,2,7,1,0,3,2,1,1,"(1 , 64)",0,8
6,2,14,1,5,8,6,2,1,"(4 , 5)",0,14
3,8,30,1,16,20,4,1,1,"(1 , 64)",0,50
2,4,31,1,20,23,4,1,1,"(4 , 32)",0,56
1,4,14,1,8,10,3,1,1,"(4 , 5)",0,20
2,8,27,1,8,11,3,1,1,"(2 , 64)",0,40
4,2,11,1,2,6,3,2,1,"(4 , 5)",0,11
3,4,13,1,4,7,3,1,1,"(1 , 64)",0,18
3,4,15,1,8,12,5,1,1,"(4 , 1024)",0,22
2,1,6,1,1,4,3,1,1,"(1 , 64)",0,5
2,8,35,1,16,19,3,1,2,"(4 , 5)",0,64
2,4,19,1,8,11,4,1,1,"(1 , 32)",0,24
2,3,15,1,6,9,4,1,1,"(1 , 32)",0,18
2,2,11,1,4,7,4,1,1,"(1 , 32)",0,12
3,1,9,1,2,6,4,1,1,"(4 , 128)",0,8
1,2,7,1,3,5,3,1,1,"(1 , 32)",0,8
2,2,12,1,5,8,4,1,1,"(1 , 32)",0,13
1,2,7,1,3,5,3,1,1,"(2 , 64)",0,8
1,2,7,1,3,5,3,1,1,"(1 , 32)",0,8
2,8,27,1,8,11,3,1,1,"(1 , 32)",0,40
2,8,27,1,8,11,3,1,1,"(1 , 5)",0,40
2,8,19,1,8,10,3,1,1,"(1 , 64)",0,32
1,2,7,1,3,5,3,1,1,"(2 , 64)",0,8
1,1,3,1,0,2,2,1,1,"(2 , 64)",0,2
2,2,9,1,2,5,3,1,1,"(1 , 64)",0,10
3,2,14,4,5,13,6,1,1,"(1 , 128)",0,15
1,4,6,1,0,2,2,1,1,"(1 , 5)",0,8
3,16,45,1,32,35,5,1,1,"(3 , 5)",0,81
1,1,4,1,1,3,3,1,1,"(3 , 32)",1,3
7,8,72,1,52,55,8,1,1,"(1 , 128)",4,116
2,2,11,1,4,7,3,1,2,"(1 , 32)",0,16
2,2,7,1,2,5,3,1,1,"(1 , 5)",0,8
4,2,12,1,3,7,3,2,1,"(1 , 5)",0,14
2,8,35,1,16,19,3,1,2,"(1 , 5)",0,64
3,4,48,1,32,36,5,1,1,"(1 , 32)",0,88
2,4,19,1,8,11,3,1,2,"(1 , 5)",0,32
3,4,26,1,16,20,5,1,1,"(1 , 32)",0,44
2,2,11,1,4,7,3,1,2,"(1 , 5)",0,16
3,2,6,1,0,3,2,2,1,"(1 , 64)",0,5
2,2,11,1,4,7,3,1,2,"(1 , 32)",0,16
1,2,5,1,2,4,3,1,1,"(4 , 128)",0,5
2,4,19,1,8,11,3,1,2,"(1 , 64)",0,32
3,16,52,1,32,35,4,1,1,"(1 , 32)",0,96
4,2,12,1,3,7,3,2,1,"(1 , 32)",0,14
3,2,8,1,2,5,3,2,1,"(4 , 5)",0,7
2,1,6,3,2,7,4,1,1,"(4 , 32)",0,5
2,8,99,1,80,83,8,1,1,"(1 , 64)",0,152
4,3,17,1,8,12,4,1,1,"(3 , 32)",0,24
3,16,56,1,42,46,5,1,1,"(3 , 64)",0,100
2,8,19,1,8,10,3,1,1,"(1 , 32)",0,32
6,4,23,1,8,12,4,2,1,"(4 , 5)",0,33
1,1,3,1,0,2,2,1,1,"(4 , 128)",0,2
1,8,18,2,8,18,3,1,1,"(4 , 32)",0,24
3,2,8,2,2,6,3,1,1,"(1 , 32)",0,8
1,1,4,3,1,5,3,1,1,"(3 , 64)",0,3
4,2,11,3,4,10,4,1,1,"(4 , 32)",0,12
3,8,28,4,12,20,7,1,1,"(2 , 128)",0,36
2,8,19,1,0,3,2,1,1,"(4 , 32)",0,32
4,3,9,1,3,5,3,1,1,"(1 , 64)",0,10
9,8,91,1,64,68,12,1,1,"(4 , 5)",0,160
2,8,19,1,8,10,3,1,1,"(3 , 64)",0,32
3,8,28,4,12,20,7,1,1,"(3 , 64)",0,36
1,1,5,1,0,3,4,1,1,"(1 , 64)",0,4
2,8,35,1,16,19,3,1,1,"(1 , 64)",0,48
4,3,11,1,3,6,3,2,1,"(1 , 64)",0,13
2,2,7,1,2,4,3,1,1,"(1 , 32)",0,8
2,8,35,1,16,19,3,1,1,"(1 , 64)",0,48
2,4,11,1,4,6,3,1,1,"(1 , 64)",0,16
2,8,35,1,16,19,3,1,1,"(1 , 32)",0,48
4,8,70,1,32,38,4,2,1,"(1 , 5)",0,96
2,8,35,1,16,19,3,1,1,"(4 , 5)",0,48
2,8,27,1,8,11,3,1,1,"(3 , 5)",0,40
8,4,57,1,45,47,7,1,2,"(4 , 5)",0,105
1,1,4,1,1,3,3,1,1,"(1 , 32)",0,3
1,1,4,1,1,3,3,1,1,"(4 , 5)",0,3
1,1,4,1,1,3,3,1,1,"(4 , 5)",0,3
4,8,61,1,32,36,4,1,1,"(4 , 5)",0,96
2,1,6,2,1,5,3,1,1,"(3 , 5)",0,5
1,2,5,1,2,4,3,1,1,"(1 , 32)",0,5
1,1,4,1,1,3,3,1,1,"(1 , 32)",0,3
4,8,37,1,16,19,4,1,1,"(4 , 5)",0,64
1,3,8,1,3,5,3,1,1,"(1 , 64)",0,9
9,4,28,1,10,13,4,1,1,"(1 , 64)",0,34
2,8,19,1,0,3,2,1,1,"(4 , 5)",0,32
2,8,27,1,8,11,3,1,1,"(1 , 64)",0,40
1,2,8,1,4,6,3,1,1,"(1 , 32)",0,10
3,2,9,1,3,6,3,2,1,"(1 , 32)",0,9
1,2,5,1,2,4,3,1,1,"(1 , 32)",0,5
1,4,14,1,8,10,3,1,1,"(1 , 64)",0,20
5,8,62,1,48,51,6,1,1,"(3 , 32)",0,108
5,6,48,1,36,39,6,1,1,"(3 , 32)",0,81
5,4,34,1,24,27,6,1,1,"(3 , 32)",0,54
5,4,18,1,8,10,4,1,1,"(3 , 5)",0,20
7,4,32,1,22,24,6,1,2,"(1 , 64)",0,56
1,4,10,1,4,6,3,1,1,"(3 , 32)",0,12
7,4,32,1,22,24,6,1,2,"(1 , 32)",0,56
8,2,22,1,10,13,7,1,1,"(1 , 32)",0,25
5,16,118,1,96,99,6,1,1,"(4 , 5)",0,216
7,4,32,1,22,24,6,1,2,"(1 , 32)",0,56
2,1,5,2,1,4,3,1,1,"(3 , 5)",0,4
3,4,36,1,20,24,4,1,1,"(1 , 64)",0,56
1,1,4,1,1,3,3,1,1,"(3 , 5)",0,3
7,4,32,1,22,24,6,1,2,"(1 , 64)",0,56
3,2,20,1,10,14,4,1,1,"(1 , 64)",0,28
3,2,20,1,10,14,4,1,1,"(1 , 64)",0,28
3,2,12,1,5,9,4,1,1,"(1 , 32)",0,14
1,8,27,1,16,19,3,2,1,"(4 , 128)",0,40
1,8,27,1,16,19,3,2,1,"(1 , 5)",0,40
4,8,14,1,0,5,2,3,1,"(1 , 64)",0,18
3,8,84,1,56,60,5,1,1,"(1 , 32)",0,128
2,8,43,1,24,27,3,1,1,"(1 , 64)",0,88
1,8,27,1,16,19,3,2,1,"(4 , 5)",0,40
2,4,23,1,12,15,3,1,1,"(1 , 64)",0,44
1,8,27,1,16,19,3,2,1,"(1 , 5)",0,40
2,3,13,1,6,9,3,1,1,"(1 , 64)",0,22
2,4,23,1,12,15,3,1,1,"(1 , 32)",0,44
3,3,11,1,4,6,3,1,1,"(3 , 5)",0,15
3,4,48,1,32,36,5,1,1,"(1 , 64)",0,88
3,4,37,1,24,28,5,1,1,"(1 , 32)",0,66
3,4,26,1,16,20,5,1,1,"(1 , 32)",0,44
2,2,7,3,3,9,4,1,1,"(3 , 32)",0,7
3,2,9,1,3,6,4,1,1,"(1 , 64)",0,9
2,8,27,1,8,11,3,1,1,"(3 , 64)",0,40
5,4,14,1,4,6,3,1,1,"(1 , 32)",0,16
3,8,92,1,64,68,5,1,1,"(1 , 32)",0,176
2,8,19,1,8,10,3,1,1,"(3 , 5)",0,32
2,8,19,1,8,10,3,1,1,"(1 , 32)",0,32
1,1,3,1,0,2,2,1,1,"(1 , 32)",0,2
1,1,3,1,0,2,2,1,1,"(1 , 32)",0,2
1,1,3,1,0,2,2,1,1,"(1 , 32)",0,2
1,1,3,1,0,2,2,1,1,"(2 , 64)",0,2
1,1,3,1,0,2,2,1,1,"(1 , 5)",0,2
3,1,8,1,2,5,4,1,1,"(1 , 64)",1,7
2,8,19,1,8,10,3,1,1,"(1 , 64)",0,32
1,4,10,1,4,6,3,1,1,"(4 , 32)",0,12
1,4,10,1,4,6,3,1,1,"(4 , 5)",0,12
1,4,10,1,4,6,3,1,1,"(1 , 32)",0,12
2,3,18,1,9,12,5,1,1,"(4 , 128)",3,21
2,4,23,1,12,15,5,1,1,"(3 , 32)",4,28
1,4,10,1,4,6,3,1,1,"(1 , 5)",0,12
3,5,15,1,5,9,3,2,1,"(3 , 32)",0,20
6,4,18,1,10,12,5,1,1,"(1 , 64)",0,26
2,16,66,2,31,50,7,1,1,"(1 , 5)",0,95
5,4,14,1,4,6,3,1,1,"(3 , 32)",0,16
2,2,12,2,5,9,4,1,1,"(1 , 64)",0,13
6,4,18,1,10,12,5,1,1,"(4 , 128)",0,26
3,4,25,2,12,20,4,1,1,"(1 , 64)",0,38
6,4,18,1,10,12,5,1,1,"(4 , 32)",0,26
2,1,5,1,1,3,3,1,1,"(1 , 5)",1,4
2,8,19,1,8,10,3,1,1,"(1 , 128)",0,32
6,4,18,1,10,12,5,1,1,"(1 , 32)",0,26
2,4,19,1,8,11,3,1,2,"(4 , 32)",0,32
1,2,4,1,0,2,2,1,1,"(1 , 32)",0,4
2,2,7,1,2,5,3,1,1,"(4 , 32)",0,8
4,8,33,4,14,24,7,1,1,"(3 , 64)",0,42
1,1,3,1,0,2,2,1,1,"(4 , 5)",0,2
3,8,23,1,5,9,6,1,1,"(1 , 32)",0,35
3,4,16,1,4,8,3,1,1,"(1 , 64)",0,24
4,3,9,1,3,5,3,1,1,"(1 , 32)",0,10
1,2,6,2,2,5,4,1,1,"(4 , 128)",0,6
3,4,37,1,24,28,5,1,1,"(1 , 64)",0,66
3,4,32,1,16,20,4,1,1,"(4 , 5)",0,52
2,8,36,1,16,20,3,2,1,"(4 , 5)",0,48
3,2,18,1,8,12,4,1,2,"(4 , 128)",0,26
3,2,10,1,2,6,3,1,1,"(1 , 32)",0,12
5,2,18,1,6,11,4,2,1,"(4 , 5)",0,22
5,1,12,1,4,7,6,1,1,"(3 , 128)",0,11
3,1,8,2,3,6,5,1,1,"(4 , 5)",0,7
3,4,13,1,7,10,5,1,1,"(3 , 32)",0,19
6,16,73,1,57,60,4,2,2,"(1 , 64)",0,161
2,1,6,3,2,8,4,1,1,"(1 , 64)",0,5
3,16,45,1,32,35,5,1,1,"(1 , 32)",0,81
2,1,6,1,1,4,3,1,1,"(1 , 128)",0,5
4,16,77,1,48,52,5,1,1,"(1 , 64)",0,136
1,4,6,1,0,2,2,1,1,"(4 , 32)",0,8
3,16,37,1,16,20,3,2,1,"(1 , 32)",0,64
1,1,4,1,1,3,3,1,1,"(1 , 5)",0,3
3,1,7,1,1,4,3,1,1,"(3 , 128)",0,6
4,2,11,1,4,7,5,2,1,"(1 , 64)",0,11
1,1,4,1,1,3,3,1,1,"(1 , 5)",0,3
1,1,4,1,1,3,3,1,1,"(1 , 5)",0,3
4,1,8,1,2,5,4,2,1,"(1 , 32)",0,6
1,1,4,1,1,3,3,1,1,"(1 , 32)",0,3
3,1,9,1,2,6,4,1,1,"(1 , 5)",0,8
2,2,7,2,2,7,3,2,1,"(1 , 64)",0,6
6,8,87,1,72,74,4,1,2,"(1 , 128)",0,200
2,1,6,3,2,7,4,1,1,"(1 , 128)",0,5
6,8,87,1,72,74,4,1,2,"(1 , 32)",0,200
6,8,87,1,72,74,4,1,2,"(1 , 64)",0,200
4,32,93,1,64,68,6,1,1,"(4 , 32)",0,176
5,6,42,1,30,33,5,1,2,"(1 , 128)",0,84
3,8,68,1,40,44,4,1,1,"(4 , 128)",0,112
1,2,5,1,2,4,3,1,1,"(1 , 5)",0,5
1,1,3,1,0,2,2,1,1,"(4 , 128)",0,2
4,4,17,1,8,11,9,2,1,"(1 , 64)",0,21
2,8,35,1,16,19,3,1,2,"(1 , 64)",0,64
2,3,12,1,3,6,3,1,1,"(1 , 32)",0,15
3,4,16,1,8,11,4,1,1,"(1 , 32)",0,24
2,1,6,1,1,4,3,1,1,"(4 , 5)",0,5
1,1,4,1,1,3,3,1,1,"(4 , 32)",0,3
7,4,20,1,11,13,6,1,1,"(1 , 5)",0,28
2,8,27,1,8,11,3,1,1,"(1 , 32)",0,40
1,8,18,1,8,10,3,1,1,"(1 , 64)",0,24
3,8,12,1,0,3,2,2,1,"(4 , 128)",0,17
1,8,18,1,8,10,3,1,1,"(1 , 5)",0,24
1,8,18,1,8,10,3,1,1,"(1 , 64)",0,24
1,8,18,1,8,10,3,1,1,"(1 , 32)",0,24
2,8,35,1,16,19,3,1,2,"(2 , 5)",0,64
2,4,15,1,4,7,3,1,1,"(1 , 32)",0,20
3,2,14,1,6,9,4,1,1,"(3 , 32)",0,16
1,2,7,1,3,5,3,1,1,"(4 , 5)",0,8
3,1,9,1,3,6,4,1,1,"(1 , 5)",0,8
4,2,13,1,4,7,4,1,1,"(4 , 32)",0,14
3,4,24,1,12,15,4,1,1,"(1 , 5)",0,32
1,4,14,1,8,10,3,1,1,"(2 , 32)",0,20
2,8,19,1,8,10,3,1,1,"(1 , 64)",0,32
3,4,25,2,12,20,4,1,1,"(1 , 64)",0,38
2,8,27,1,8,11,3,1,1,"(4 , 128)",0,40
1,4,14,1,8,10,3,1,1,"(1 , 5)",0,20
6,4,40,1,30,32,5,1,2,"(1 , 5)",0,78
4,8,54,1,16,22,3,2,1,"(1 , 32)",0,80
1,4,14,1,8,10,3,1,1,"(1 , 64)",0,20
1,4,14,1,8,10,3,1,1,"(1 , 64)",0,20
2,8,35,1,16,19,3,1,1,"(1 , 64)",0,48
2,8,35,1,16,19,3,1,2,"(1 , 32)",16,64
4,8,54,1,16,22,3,2,1,"(4 , 32)",0,80
1,4,10,1,4,6,3,1,2,"(3 , 32)",4,16
2,8,35,1,16,19,3,1,1,"(1 , 32)",0,48
1,8,18,1,8,10,3,1,2,"(1 , 64)",8,32
3,8,32,1,20,23,5,1,2,"(4 , 32)",0,60
1,2,6,1,2,4,3,1,1,"(1 , 64)",0,6
3,4,18,1,10,13,5,1,2,"(1 , 32)",0,30
1,7,9,1,0,2,2,1,1,"(1 , 64)",0,14
3,8,92,1,64,68,5,1,1,"(1 , 64)",0,176
3,2,11,1,5,8,5,1,1,"(1 , 64)",0,15
6,2,20,1,9,13,5,2,1,"(1 , 64)",0,25
3,8,28,1,8,12,3,1,1,"(3 , 64)",0,48
4,8,37,1,16,19,4,1,1,"(1 , 64)",0,64
1,4,6,1,0,2,2,1,1,"(1 , 64)",0,8
1,1,4,1,1,3,3,1,1,"(1 , 64)",0,3
3,2,10,1,2,6,3,1,1,"(4 , 128)",0,12
4,8,41,1,28,31,4,1,1,"(1 , 32)",0,96
2,8,19,1,8,10,3,1,1,"(1 , 64)",0,32
4,5,14,1,7,10,4,1,1,"(4 , 32)",0,24
5,1,9,1,1,5,3,2,1,"(4 , 128)",0,7
4,5,23,1,14,17,4,1,1,"(1 , 32)",0,48
1,8,18,1,8,10,3,1,1,"(3 , 32)",0,24
2,2,8,2,1,5,3,1,1,"(1 , 64)",0,9
2,8,36,1,16,20,3,2,1,"(3 , 64)",0,48
2,1,6,3,2,8,4,1,1,"(3 , 64)",0,5
1,8,18,1,8,10,3,1,1,"(1 , 32)",8,24
2,16,27,1,16,18,3,1,1,"(4 , 128)",0,56
4,8,102,1,64,70,4,2,1,"(1 , 32)",0,160
1,4,10,1,4,6,3,1,1,"(1 , 32)",4,12
1,3,8,1,3,5,3,1,1,"(1 , 32)",3,9
1,2,6,1,2,4,3,1,1,"(1 , 64)",2,6
4,1,10,1,3,6,5,1,1,"(1 , 64)",0,9
3,2,7,1,2,4,3,1,1,"(1 , 64)",0,7
1,4,6,1,0,2,2,1,1,"(4 , 128)",0,8
2,1,5,1,1,3,3,1,1,"(1 , 128)",0,4
2,8,27,1,8,11,3,1,1,"(1 , 32)",0,40
2,8,19,1,8,10,3,1,1,"(4 , 5)",0,32
9,8,22,1,8,10,3,1,1,"(1 , 32)",0,35
1,4,6,1,0,2,2,1,1,"(1 , 32)",0,8
2,2,9,1,2,5,3,1,1,"(1 , 5)",0,10
4,3,14,1,7,10,5,1,1,"(2 , 64)",0,19
7,4,20,1,11,13,6,1,1,"(1 , 5)",0,28
1,1,4,1,1,3,3,1,1,"(4 , 32)",0,3
1,2,6,1,2,4,3,1,1,"(4 , 128)",0,6
2,8,19,1,8,10,3,1,1,"(3 , 5)",0,32
2,4,15,1,4,7,3,1,1,"(1 , 128)",0,20
4,4,21,1,12,16,5,1,1,"(1 , 32)",0,30
2,2,13,1,6,9,5,1,1,"(3 , 128)",2,14
2,4,15,1,4,7,3,1,1,"(4 , 128)",0,20
1,2,4,1,0,2,2,1,1,"(1 , 128)",0,4
6,8,95,1,80,82,5,1,2,"(1 , 64)",0,208
5,8,58,1,44,47,5,1,2,"(1 , 128)",0,124
2,8,35,1,16,19,3,1,2,"(1 , 64)",0,64
6,8,95,1,80,82,5,1,2,"(1 , 64)",0,208
2,1,6,2,1,5,3,1,1,"(4 , 32)",0,5
2,3,13,1,6,9,3,1,1,"(1 , 32)",0,22
2,1,6,1,1,4,3,1,1,"(1 , 5)",0,5
1,2,4,1,0,2,2,1,1,"(1 , 64)",0,4
4,8,70,1,32,38,4,2,1,"(1 , 64)",0,96
3,2,10,1,4,7,5,1,1,"(1 , 32)",0,11
2,1,6,3,2,7,4,1,1,"(3 , 64)",0,5
2,8,43,1,24,27,5,1,1,"(1 , 32)",8,56
2,8,83,1,64,67,5,1,2,"(3 , 5)",0,136
1,4,10,1,4,6,3,1,1,"(1 , 32)",0,12
2,8,51,1,32,35,4,1,1,"(1 , 32)",0,80
2,4,27,1,16,19,4,1,1,"(1 , 32)",0,40
1,4,10,1,4,6,3,1,1,"(1 , 64)",0,12
1,8,14,1,4,6,3,1,1,"(3 , 5)",0,20
2,2,15,1,8,11,4,1,1,"(1 , 128)",0,20
2,3,21,1,12,15,4,1,1,"(1 , 32)",0,30
1,4,10,1,4,6,3,1,1,"(3 , 32)",0,12
1,3,8,1,3,5,3,1,1,"(3 , 32)",0,9
1,4,10,1,4,6,3,1,1,"(3 , 128)",0,12
3,8,32,1,22,26,5,1,1,"(4 , 128)",0,52
2,8,27,1,8,11,3,1,1,"(1 , 64)",0,40
1,4,8,1,0,3,4,1,1,"(1 , 128)",0,10
2,2,7,1,2,5,4,1,1,"(4 , 128)",0,7
3,2,6,1,0,3,2,2,1,"(1 , 32)",0,5
3,1,8,1,2,5,4,1,1,"(1 , 32)",0,7
1,4,6,1,0,2,2,1,1,"(1 , 32)",0,8
20,6,60,1,31,37,7,1,1,"(1 , 32)",0,84
4,4,25,1,12,15,5,1,1,"(1 , 128)",0,36
4,8,41,1,28,31,6,1,1,"(1 , 128)",0,64
2,8,27,1,8,11,3,1,1,"(4 , 32)",0,40
5,3,16,3,7,17,5,2,1,"(4 , 5)",0,18
4,8,61,1,32,36,4,1,1,"(1 , 64)",0,96
3,1,10,1,4,7,5,1,1,"(1 , 5)",0,9
4,1,11,1,3,7,5,1,1,"(1 , 64)",0,10
2,2,8,1,4,6,5,1,1,"(3 , 32)",0,9
3,2,9,1,3,6,4,1,1,"(4 , 128)",0,9
1,1,3,1,0,2,2,1,1,"(1 , 64)",0,2
1,1,3,1,0,2,2,1,1,"(1 , 64)",0,2
4,3,14,1,6,8,5,1,1,"(4 , 128)",0,15
4,8,49,1,32,35,4,1,1,"(1 , 128)",0,100
1,4,22,2,16,26,4,1,1,"(4 , 5)",0,28
1,1,3,1,0,2,2,1,1,"(1 , 32)",0,2
3,8,36,1,16,19,4,1,1,"(3 , 64)",0,56
1,1,3,1,0,2,2,1,1,"(1 , 5)",0,2
1,4,14,1,8,10,3,1,1,"(1 , 5)",0,20
1,1,3,1,0,2,2,1,1,"(1 , 5)",0,2
1,1,3,1,0,2,2,1,1,"(1 , 5)",0,2
7,4,20,1,11,13,6,1,1,"(4 , 5)",0,28
2,8,35,1,16,19,3,1,2,"(3 , 128)",0,64
1,8,13,1,0,3,4,1,1,"(3 , 128)",0,20
1,8,19,1,0,3,4,1,1,"(3 , 128)",0,32
6,16,55,1,40,42,4,1,1,"(1 , 5)",0,96
2,8,19,1,8,10,3,1,1,"(1 , 5)",0,32
2,8,19,1,8,10,3,1,1,"(1 , 5)",0,32
1,2,6,1,2,4,3,1,1,"(1 , 5)",0,6
1,1,4,1,1,3,3,1,1,"(1 , 5)",0,3
5,3,20,1,12,15,6,1,1,"(1 , 5)",0,27
2,1,6,3,2,7,4,1,1,"(4 , 32)",0,5
1,1,4,1,1,3,3,1,1,"(1 , 64)",0,3
6,3,21,1,10,15,5,2,1,"(1 , 32)",0,26
1,1,3,1,0,2,2,1,1,"(1 , 5)",0,2
5,3,16,1,6,9,4,1,1,"(4 , 128)",0,17
5,4,14,1,4,6,3,1,1,"(4 , 128)",0,16
5,4,33,3,19,28,4,1,1,"(1 , 32)",0,54
2,4,27,2,16,23,4,1,1,"(1 , 5)",0,48
4,4,19,1,8,12,4,1,2,"(1 , 64)",0,30
4,2,12,1,4,8,4,1,1,"(4 , 128)",0,15
4,3,17,1,6,10,4,1,1,"(1 , 64)",0,24
6,2,16,1,7,10,6,2,1,"(1 , 64)",0,18
4,8,33,1,16,20,4,1,1,"(4 , 128)",0,60
4,2,15,4,5,13,6,1,1,"(1 , 5)",0,17
4,2,15,1,7,11,5,1,1,"(1 , 5)",0,18
1,4,10,1,4,6,3,1,1,"(4 , 128)",0,12
4,2,12,1,3,7,3,2,1,"(2 , 64)",0,12
2,1,6,1,1,4,3,1,1,"(1 , 5)",0,5
2,2,9,1,2,5,3,1,1,"(4 , 128)",0,10
1,8,19,1,0,3,4,1,1,"(1 , 5)",0,32
8,4,73,1,60,62,7,1,2,"(1 , 128)",0,140
6,4,40,1,30,32,5,1,2,"(1 , 5)",0,78
3,2,10,1,3,7,4,1,1,"(1 , 5)",0,12
6,4,40,1,30,32,5,1,2,"(1 , 64)",0,78
6,4,40,1,30,32,5,1,2,"(4 , 32)",0,78
4,2,12,1,4,8,4,1,1,"(1 , 64)",0,12
7,8,43,1,16,22,3,2,1,"(1 , 5)",0,68
6,4,40,1,30,32,5,1,2,"(4 , 32)",0,78
4,4,33,1,16,20,4,1,1,"(2 , 64)",0,48
3,4,15,1,8,12,5,1,1,"(3 , 32)",0,22
3,4,16,1,8,12,4,1,1,"(3 , 32)",0,24
4,2,13,3,7,12,5,1,1,"(1 , 64)",0,14
1,2,6,1,2,4,3,1,1,"(4 , 32)",0,6
1,2,4,1,0,2,2,1,1,"(4 , 128)",0,4
1,2,6,1,2,4,3,1,1,"(1 , 64)",0,6
1,2,4,1,0,2,2,1,1,"(1 , 64)",0,4
1,2,6,1,2,4,3,1,1,"(1 , 64)",0,6
4,3,14,1,7,10,5,1,1,"(1 , 64)",0,19
1,1,4,1,1,3,3,1,1,"(1 , 5)",0,3
1,2,6,1,2,4,3,1,1,"(4 , 32)",0,6
1,2,6,1,2,4,3,1,1,"(1 , 32)",0,6
3,8,30,1,16,20,4,1,1,"(1 , 64)",0,50
1,1,4,1,1,3,3,1,1,"(1 , 64)",0,3
3,2,8,3,3,9,5,1,1,"(1 , 5)",0,8
3,16,76,1,56,59,5,1,2,"(1 , 5)",0,144
2,8,16,2,8,19,3,1,1,"(4 , 5)",0,29
4,8,61,1,32,36,4,1,1,"(4 , 32)",0,96
3,16,37,1,16,20,3,2,1,"(3 , 5)",0,64
3,2,12,1,4,8,4,1,1,"(1 , 64)",0,14
3,8,52,1,24,28,4,1,1,"(4 , 32)",0,88
1,3,8,1,3,5,3,1,1,"(4 , 128)",0,9
2,4,15,2,4,8,5,1,1,"(4 , 128)",0,20
1,3,8,1,3,5,3,1,1,"(2 , 64)",0,9
1,3,8,1,3,5,3,1,1,"(4 , 128)",0,9
2,8,19,1,0,3,2,1,1,"(4 , 32)",0,32
1,3,8,1,3,5,3,1,1,"(1 , 64)",0,9
5,8,63,1,24,30,4,2,1,"(4 , 5)",0,112
2,1,5,1,1,3,3,1,1,"(1 , 64)",1,4
2,1,5,2,1,4,3,1,1,"(1 , 64)",0,4
2,8,20,1,9,11,3,1,1,"(1 , 128)",0,33
1,2,6,1,2,4,3,1,1,"(4 , 128)",0,6
7,4,44,1,33,35,6,1,2,"(1 , 64)",0,84
3,3,11,1,3,6,3,1,1,"(1 , 64)",0,16
3,2,8,1,2,5,3,1,1,"(1 , 32)",0,10
1,2,6,1,2,4,3,1,2,"(4 , 5)",2,8
3,8,20,1,8,11,3,1,2,"(4 , 5)",0,40
7,4,44,1,33,35,6,1,2,"(1 , 32)",0,84
5,1,13,1,4,8,6,1,1,"(1 , 32)",0,12
3,18,96,1,74,77,6,1,1,"(3 , 64)",0,174
6,2,16,1,7,10,6,2,1,"(1 , 32)",0,18
7,4,44,1,33,35,6,1,2,"(2 , 64)",0,84
6,2,12,1,4,7,5,2,1,"(1 , 5)",0,11
7,4,56,1,44,46,6,1,2,"(1 , 32)",0,112
2,8,19,1,8,10,3,1,1,"(1 , 128)",0,32
2,2,9,1,2,5,3,1,1,"(4 , 128)",0,10
7,4,44,1,33,35,6,1,2,"(1 , 64)",0,84
6,4,24,1,13,16,10,2,1,"(1 , 32)",0,32
2,4,23,1,12,15,4,1,1,"(4 , 5)",0,36
2,8,19,1,8,10,3,1,1,"(1 , 128)",0,32
2,8,20,1,0,4,2,2,1,"(1 , 64)",0,32
1,2,4,1,0,2,2,1,1,"(4 , 32)",0,4
1,2,4,1,0,2,2,1,1,"(1 , 64)",0,4
2,8,19,1,8,10,3,1,1,"(4 , 128)",0,32
2,1,5,2,1,4,3,1,1,"(1 , 128)",0,4
1,4,10,2,4,7,5,1,2,"(4 , 5)",0,16
1,1,3,1,0,2,2,1,1,"(1 , 64)",0,2
2,4,9,1,4,7,3,1,1,"(4 , 5)",0,14
2,3,8,1,3,6,3,1,1,"(3 , 32)",0,11
2,1,6,1,1,4,3,1,1,"(1 , 64)",0,5
1,2,5,1,2,4,3,1,1,"(1 , 32)",0,5
4,2,15,4,5,13,6,1,1,"(4 , 128)",0,17
1,2,5,1,2,4,3,1,1,"(1 , 64)",0,5
2,1,6,2,1,5,3,1,1,"(3 , 5)",0,5
1,2,5,1,2,4,3,1,1,"(1 , 32)",0,5
3,1,10,1,4,7,5,1,1,"(1 , 32)",0,9
1,2,4,1,0,2,2,1,1,"(4 , 5)",0,4
3,8,28,1,8,12,3,1,1,"(4 , 128)",0,48
3,8,28,1,8,12,3,1,1,"(1 , 64)",0,48
18,12,125,3,92,105,17,1,1,"(3 , 32)",0,222
4,16,49,1,32,36,6,1,1,"(1 , 64)",0,88
4,8,27,1,16,20,6,1,1,"(1 , 64)",0,44
4,12,38,1,24,28,6,1,1,"(4 , 5)",0,66
5,6,54,1,40,43,5,1,2,"(1 , 64)",0,112
4,3,17,1,8,12,4,1,1,"(4 , 32)",0,24
5,6,30,1,20,23,5,1,2,"(1 , 32)",0,56
4,8,54,1,16,22,3,2,1,"(1 , 64)",0,80
3,2,12,1,4,7,4,1,1,"(3 , 32)",0,14
2,2,9,1,2,5,3,1,1,"(1 , 32)",0,10
2,3,12,1,3,6,3,1,1,"(1 , 32)",0,15
6,7,24,1,10,12,3,1,1,"(4 , 128)",1,33
2,8,27,1,8,11,3,1,1,"(1 , 64)",0,40
3,4,64,1,52,55,6,1,1,"(4 , 128)",0,96
3,2,11,1,4,8,4,1,1,"(1 , 64)",0,13
2,2,7,1,2,4,3,1,1,"(4 , 32)",0,8
2,3,7,1,0,3,2,1,1,"(4 , 128)",0,8
2,4,19,1,8,11,3,1,2,"(4 , 128)",0,32
2,2,11,1,4,7,3,1,2,"(1 , 64)",0,16
4,2,12,1,3,7,3,2,1,"(1 , 64)",0,14
2,2,7,1,2,5,3,1,1,"(1 , 64)",0,8
3,8,28,1,8,12,3,1,1,"(4 , 32)",0,48
2,8,19,1,8,10,3,1,1,"(1 , 128)",0,32
2,8,43,1,24,27,4,1,1,"(1 , 128)",0,72
2,4,15,1,4,7,3,1,1,"(3 , 5)",0,20
1,4,14,1,8,10,3,1,1,"(1 , 64)",0,20
3,4,20,1,8,11,4,1,1,"(1 , 64)",0,28
3,4,25,2,12,20,4,1,1,"(1 , 32)",0,38
2,8,27,1,16,18,4,1,1,"(3 , 32)",0,40
3,8,28,1,8,12,3,1,1,"(1 , 32)",0,48
2,4,13,1,4,7,5,1,1,"(1 , 64)",0,18
5,4,30,2,16,23,7,1,1,"(1 , 64)",0,44
3,8,76,1,56,59,6,1,1,"(4 , 128)",0,104
6,2,15,1,4,8,4,2,1,"(1 , 5)",0,15
2,1,5,3,1,5,3,1,1,"(1 , 128)",0,4
2,1,6,1,1,4,3,1,1,"(1 , 64)",0,5
2,8,28,1,8,11,5,1,1,"(1 , 32)",0,48
4,8,26,1,12,16,7,1,1,"(1 , 32)",0,42
2,1,7,3,3,10,5,1,1,"(3 , 32)",0,6
3,16,37,1,16,20,3,2,1,"(1 , 5)",0,64
6,4,40,1,30,32,5,1,2,"(1 , 64)",0,78
1,4,6,1,0,2,2,1,1,"(1 , 5)",0,8
1,2,4,1,0,2,2,1,1,"(1 , 5)",0,4
3,2,8,3,3,8,4,1,1,"(4 , 128)",0,8
3,2,10,1,2,6,3,1,1,"(4 , 128)",0,12
2,2,12,1,5,8,4,1,1,"(1 , 5)",0,13
2,8,47,1,32,35,4,1,1,"(1 , 32)",0,92
4,3,20,1,9,13,4,2,1,"(1 , 64)",0,28
2,3,18,1,9,12,4,1,1,"(1 , 32)",0,27
3,8,28,1,8,12,3,1,1,"(1 , 64)",0,48
1,4,10,1,4,6,3,1,1,"(1 , 64)",0,12
6,2,18,1,8,11,7,1,1,"(4 , 128)",0,21
6,4,37,1,27,29,4,1,2,"(4 , 128)",0,75
1,8,18,1,8,10,3,1,1,"(1 , 32)",0,24
2,8,19,1,8,10,3,1,1,"(4 , 128)",0,32
2,4,11,1,4,6,3,1,1,"(1 , 32)",0,16
2,4,11,1,4,6,3,1,1,"(1 , 32)",0,16
2,4,11,1,4,6,4,1,1,"(1 , 64)",0,14
3,4,12,1,4,7,3,1,1,"(3 , 32)",0,16
1,6,13,1,5,7,6,1,1,"(1 , 64)",0,17
3,4,28,1,12,16,4,1,1,"(3 , 32)",0,44
3,2,10,1,3,7,4,1,1,"(1 , 5)",0,11
3,2,15,1,5,9,4,1,1,"(1 , 5)",0,19
3,2,16,1,6,10,4,1,1,"(1 , 64)",0,22
2,8,67,1,48,51,6,1,1,"(3 , 128)",0,88
2,8,19,1,8,10,3,1,1,"(1 , 64)",0,32
5,8,22,1,8,10,3,1,1,"(1 , 32)",0,32
1,1,4,1,1,3,3,1,1,"(1 , 64)",0,3
1,8,10,1,0,2,2,1,1,"(4 , 32)",0,16
2,8,19,1,8,10,3,1,1,"(4 , 32)",0,32
1,3,8,1,3,5,3,1,1,"(1 , 64)",0,9
1,2,6,1,2,4,3,1,1,"(1 , 64)",0,6
1,3,8,1,3,5,3,1,1,"(4 , 32)",0,9
4,8,29,1,16,19,17,2,1,"(3 , 64)",0,41
2,4,10,2,5,10,4,1,1,"(4 , 32)",0,15
2,8,43,1,24,27,4,1,1,"(3 , 5)",0,72
1,4,10,1,4,6,3,1,1,"(1 , 5)",0,12
1,3,8,1,3,5,3,1,1,"(1 , 64)",0,9
6,4,17,1,9,11,4,1,1,"(1 , 5)",0,25
1,1,3,1,0,2,2,1,1,"(1 , 128)",0,2
2,1,6,1,1,4,3,1,1,"(3 , 5)",0,5
4,7,24,1,16,20,6,1,1,"(1 , 128)",0,42
1,3,8,1,3,5,3,1,1,"(1 , 5)",0,9
2,8,27,1,8,11,3,1,1,"(3 , 5)",0,40
2,8,19,1,8,10,3,1,1,"(3 , 5)",0,32
2,8,19,1,8,10,3,1,1,"(1 , 64)",0,32
3,2,9,1,3,6,4,1,1,"(1 , 128)",0,9
2,3,14,1,5,8,4,1,1,"(1 , 64)",0,17
2,8,19,1,8,10,3,1,1,"(1 , 64)",0,32
2,8,35,1,16,19,3,1,1,"(3 , 64)",0,48
1,8,18,1,8,10,3,1,1,"(3 , 64)",0,24
1,2,8,1,4,6,3,1,1,"(3 , 32)",0,10
3,1,9,1,2,6,4,1,1,"(1 , 64)",0,8
2,8,35,1,16,19,3,1,2,"(1 , 32)",0,64
2,3,15,1,6,9,4,1,1,"(4 , 128)",0,18
2,2,11,1,4,7,4,1,1,"(4 , 32)",0,12
2,8,35,1,16,19,3,1,1,"(1 , 32)",0,48
2,4,19,1,8,11,4,1,1,"(3 , 64)",0,24
2,2,12,2,5,9,4,1,1,"(3 , 5)",0,13
5,1,9,1,1,5,3,2,1,"(1 , 128)",0,7
3,8,32,1,24,26,4,1,1,"(1 , 64)",0,68
2,1,5,1,1,3,3,1,1,"(4 , 5)",0,4
3,6,25,1,18,20,4,1,1,"(1 , 64)",0,51
3,4,18,1,12,14,4,1,2,"(1 , 64)",0,34
3,4,36,1,20,24,4,1,1,"(3 , 32)",0,56
2,4,11,1,4,6,3,1,1,"(1 , 128)",0,16
3,2,20,1,10,14,4,1,1,"(3 , 32)",0,28
3,8,36,1,16,19,17,1,1,"(3 , 64)",0,49
4,2,15,4,5,13,6,1,1,"(1 , 32)",0,17
2,1,6,1,1,4,3,1,1,"(3 , 32)",0,5
1,2,5,1,2,4,3,1,1,"(1 , 64)",0,5
2,1,5,2,1,4,3,1,1,"(1 , 128)",0,4
3,3,15,1,6,10,4,1,1,"(1 , 32)",0,20
5,8,39,1,25,28,19,2,1,"(1 , 32)",0,51
4,8,70,1,32,38,4,2,1,"(1 , 128)",0,96
2,8,19,1,8,10,3,1,1,"(1 , 64)",0,32
4,8,41,1,24,28,5,1,1,"(4 , 128)",0,68
1,2,5,1,2,4,3,1,1,"(1 , 32)",0,5
4,4,23,1,12,16,5,1,1,"(1 , 128)",0,34
2,4,15,1,4,7,3,1,1,"(1 , 32)",0,20
4,4,16,1,8,12,6,1,1,"(1 , 128)",0,22
4,3,17,1,6,10,4,1,1,"(1 , 128)",0,24
4,2,14,1,6,10,5,1,1,"(1 , 128)",0,17
1,2,5,1,2,4,3,1,1,"(1 , 32)",0,5
1,2,5,1,2,4,3,1,1,"(1 , 32)",0,5
5,8,22,1,8,10,3,1,1,"(1 , 64)",0,32
2,3,13,1,6,9,4,1,1,"(3 , 32)",0,20
2,3,8,1,3,6,4,1,1,"(1 , 32)",0,10
4,3,14,1,5,9,4,2,1,"(4 , 32)",0,18
4,2,11,1,2,6,3,2,1,"(1 , 128)",0,11
3,8,36,1,16,19,4,1,1,"(1 , 64)",0,56
2,4,23,1,12,15,4,1,1,"(1 , 64)",0,40
3,1,9,1,2,6,4,1,1,"(1 , 64)",0,8
2,8,19,1,8,10,3,1,1,"(4 , 32)",8,32
5,32,87,1,48,54,4,2,1,"(3 , 32)",0,160
3,8,44,1,16,20,4,1,1,"(1 , 32)",0,64
2,8,19,1,8,10,3,1,1,"(4 , 5)",0,32
2,2,7,1,2,4,3,1,1,"(4 , 128)",2,8
6,6,55,1,40,43,5,1,2,"(4 , 5)",0,116
2,4,11,1,4,6,3,1,1,"(4 , 128)",4,16
1,2,6,1,2,4,3,1,1,"(3 , 64)",0,6
2,1,6,3,2,7,4,1,1,"(2 , 5)",0,5
16,8,124,1,88,93,10,2,1,"(1 , 5)",4,218
11,4,63,1,44,48,9,1,2,"(1 , 32)",0,112
6,4,29,1,20,22,5,1,2,"(1 , 32)",0,52
2,4,55,1,44,47,5,1,1,"(4 , 128)",0,80
1,2,6,2,2,5,4,1,1,"(3 , 64)",0,6
2,2,9,1,4,6,4,1,1,"(1 , 5)",4,10
5,4,18,2,8,14,3,1,1,"(3 , 64)",0,23
2,4,15,1,8,10,4,1,1,"(3 , 32)",8,20
2,8,27,1,16,18,4,1,1,"(4 , 32)",16,40
2,1,6,1,1,4,3,1,1,"(3 , 32)",0,5
6,8,87,1,72,74,4,1,2,"(1 , 128)",0,200
2,8,27,1,8,11,3,1,1,"(4 , 5)",0,40
5,4,34,3,20,29,6,1,1,"(1 , 128)",0,56
4,2,12,3,6,11,4,1,1,"(1 , 64)",0,13
2,4,12,1,4,7,3,1,1,"(2 , 64)",0,17
2,3,10,1,3,6,3,1,1,"(4 , 32)",0,13
2,2,8,1,2,5,3,1,1,"(1 , 5)",0,9
2,8,39,2,24,35,5,1,1,"(1 , 128)",0,60
6,4,47,1,36,38,4,1,2,"(1 , 32)",0,100
5,16,47,1,33,35,4,1,2,"(3 , 64)",0,106
2,8,59,1,40,43,4,1,1,"(3 , 5)",0,88
1,8,14,1,4,6,3,1,1,"(1 , 64)",0,20
3,2,9,1,3,6,4,1,1,"(4 , 128)",0,9
1,4,6,1,0,2,2,1,1,"(4 , 128)",0,8
2,4,11,1,4,6,3,1,1,"(4 , 128)",4,16
2,8,27,1,8,11,3,1,1,"(1 , 64)",0,40
2,2,7,1,2,4,3,1,1,"(4 , 5)",2,8
2,8,27,1,8,11,3,1,1,"(3 , 5)",0,40
2,3,12,1,3,6,3,1,1,"(1 , 64)",0,15
2,2,9,1,2,5,3,1,1,"(1 , 64)",0,10
2,8,19,1,8,10,3,1,1,"(3 , 32)",8,32
2,4,15,1,4,7,3,1,1,"(1 , 64)",0,20
1,2,6,1,2,4,3,1,1,"(1 , 64)",0,6
2,8,20,1,9,11,3,1,1,"(2 , 64)",0,33
2,8,19,1,8,10,3,1,1,"(3 , 5)",0,32
1,1,4,3,1,5,3,1,1,"(4 , 32)",0,3
1,2,6,1,2,4,3,1,1,"(3 , 32)",0,6
1,2,6,1,2,4,3,1,1,"(1 , 64)",0,6
2,8,35,1,16,19,4,1,1,"(1 , 32)",0,48
2,4,19,1,8,11,4,1,1,"(4 , 32)",0,24
2,2,11,1,4,7,4,1,1,"(1 , 32)",0,12
2,3,15,1,6,9,4,1,1,"(1 , 64)",0,18
1,2,6,1,2,4,3,1,1,"(1 , 64)",0,6
2,8,28,1,8,11,5,1,1,"(4 , 32)",0,48
1,8,10,1,0,2,2,1,1,"(1 , 32)",0,16
5,2,17,3,9,15,6,1,1,"(1 , 64)",0,18
2,8,19,1,8,10,3,1,1,"(1 , 64)",8,32
2,1,6,2,1,5,3,1,1,"(1 , 64)",0,5
2,4,11,1,4,6,3,1,1,"(1 , 64)",4,16
1,8,10,1,0,2,2,1,1,"(3 , 32)",0,16
2,8,19,1,8,10,3,1,1,"(4 , 5)",0,32
2,2,7,1,2,4,3,1,1,"(4 , 32)",2,8
6,4,29,1,20,22,5,1,2,"(1 , 32)",0,52
1,2,6,1,2,4,3,1,1,"(4 , 128)",0,6
6,4,29,1,20,22,5,1,2,"(1 , 64)",0,52
6,4,29,1,20,22,5,1,2,"(1 , 64)",0,52
3,4,8,1,0,3,2,2,1,"(1 , 5)",0,9
3,8,29,1,16,19,3,2,1,"(1 , 64)",0,56
2,8,19,1,0,3,2,1,1,"(4 , 5)",0,32
2,2,9,1,2,5,3,1,1,"(1 , 64)",0,10
7,4,44,1,33,35,6,1,2,"(2 , 5)",0,84
2,1,6,1,1,4,3,1,1,"(1 , 5)",0,5
4,2,11,1,2,6,3,2,1,"(1 , 32)",0,11
2,1,6,3,2,7,4,1,1,"(1 , 64)",0,5
2,4,15,1,4,7,3,1,1,"(4 , 5)",0,20
2,2,9,1,4,7,4,1,1,"(1 , 5)",0,10
1,1,3,1,0,2,2,1,1,"(4 , 128)",0,2
2,16,27,1,16,18,3,1,1,"(1 , 32)",0,56
2,8,19,1,8,10,3,1,1,"(1 , 128)",0,32
4,8,54,1,16,22,3,2,1,"(4 , 128)",0,80
2,8,19,1,8,10,3,1,1,"(1 , 64)",0,32
1,4,10,2,4,10,3,1,1,"(3 , 64)",0,12
3,1,5,1,0,3,2,2,1,"(1 , 64)",0,3
2,1,6,1,1,4,3,1,1,"(1 , 32)",0,5
6,4,40,1,30,32,5,1,2,"(1 , 64)",0,78
1,2,4,1,0,2,2,1,1,"(1 , 64)",0,4
3,2,11,2,6,9,4,1,1,"(4 , 128)",0,12
1,2,6,1,2,4,3,1,1,"(1 , 64)",0,6
2,8,19,1,8,10,3,1,1,"(4 , 32)",0,32
1,2,6,1,2,4,3,1,1,"(1 , 64)",0,6
3,2,6,1,0,3,2,2,1,"(1 , 5)",0,5
1,1,3,1,0,2,2,1,1,"(1 , 64)",0,2
1,2,7,1,3,5,3,1,1,"(1 , 32)",0,8
1,4,10,1,4,6,3,1,1,"(1 , 64)",0,12
1,2,6,1,2,4,3,1,1,"(1 , 64)",0,6
2,1,6,1,1,4,3,1,1,"(1 , 64)",0,5
1,3,8,1,3,5,3,1,1,"(3 , 64)",0,9
2,16,147,1,112,115,6,1,1,"(3 , 64)",0,208
2,1,6,1,1,4,3,1,1,"(1 , 64)",1,5
2,8,19,1,8,10,3,1,1,"(1 , 64)",0,32
3,2,8,2,2,6,3,1,1,"(1 , 32)",0,8
2,4,30,1,21,24,4,1,1,"(1 , 32)",0,57
3,2,10,1,2,6,3,1,1,"(4 , 128)",0,12
2,4,15,1,4,7,3,1,1,"(4 , 128)",0,20
1,3,8,1,3,5,3,1,1,"(1 , 32)",0,9
3,8,44,1,24,27,4,1,1,"(4 , 5)",0,64
3,2,11,1,5,8,5,1,1,"(1 , 64)",2,12
2,8,19,1,8,10,3,1,1,"(1 , 64)",0,32
1,8,18,1,8,10,3,1,1,"(4 , 5)",0,24
1,4,10,1,4,6,3,1,1,"(1 , 64)",0,12
1,3,8,1,3,5,3,1,1,"(1 , 5)",0,9
1,2,6,1,2,4,3,1,1,"(3 , 32)",0,6
2,8,35,1,16,19,4,1,1,"(1 , 32)",0,48
2,8,27,1,8,11,3,1,1,"(3 , 64)",0,40
2,1,6,2,2,5,3,1,1,"(4 , 32)",0,5
2,16,147,1,112,115,6,1,1,"(1 , 32)",0,208
3,8,40,1,28,31,5,1,2,"(4 , 128)",0,72
2,3,15,1,6,9,4,1,1,"(1 , 32)",0,18
2,2,11,1,4,7,4,1,1,"(1 , 32)",0,12
2,4,19,1,8,11,4,1,1,"(4 , 5)",0,24
4,2,12,1,3,7,3,2,1,"(4 , 5)",0,14
3,16,44,2,32,42,4,1,1,"(1 , 5)",0,88
2,8,19,1,8,10,3,1,1,"(2 , 64)",0,32
2,1,6,1,1,4,3,1,1,"(1 , 5)",0,5
4,8,53,1,24,28,5,1,1,"(1 , 64)",0,80
2,3,8,1,3,6,3,1,1,"(1 , 128)",0,11
4,2,11,1,4,7,4,1,1,"(1 , 64)",0,12
2,4,9,1,4,7,3,1,1,"(1 , 32)",0,14
1,1,4,1,1,3,3,1,1,"(2 , 5)",0,3
2,4,11,1,6,9,4,1,1,"(1 , 128)",0,16
1,1,5,1,2,4,4,1,1,"(1 , 64)",0,4
3,1,9,1,2,6,4,1,1,"(1 , 5)",0,8
1,1,4,1,1,3,3,1,1,"(1 , 64)",0,3
1,1,4,1,1,3,3,1,1,"(1 , 64)",0,3
2,8,59,1,40,43,4,1,2,"(1 , 64)",0,112
7,4,56,1,44,46,6,1,2,"(2 , 5)",0,112
4,1,10,1,3,6,4,1,1,"(4 , 5)",0,9
3,8,21,2,13,24,4,1,1,"(3 , 5)",0,41
7,4,56,1,44,46,6,1,2,"(1 , 64)",0,112
2,1,6,1,1,4,3,1,1,"(4 , 5)",0,5
7,4,56,1,44,46,6,1,2,"(1 , 64)",0,112
7,4,56,1,44,46,6,1,2,"(1 , 32)",0,112
4,2,12,1,4,8,4,1,1,"(1 , 32)",0,12
5,16,103,1,64,70,5,2,1,"(3 , 64)",0,160
9,8,26,1,8,10,3,1,1,"(1 , 64)",0,32
3,7,24,2,18,22,5,1,1,"(4 , 32)",0,39
1,5,17,1,12,14,4,1,1,"(4 , 32)",0,29
2,1,5,1,1,3,3,1,1,"(3 , 64)",0,4
2,1,6,1,2,4,4,1,1,"(1 , 64)",2,5
2,8,36,1,16,20,3,2,1,"(1 , 64)",0,48
3,4,24,2,17,21,7,2,1,"(1 , 32)",0,36
2,4,27,1,16,19,4,1,1,"(1 , 64)",0,40
2,1,6,2,1,5,3,1,1,"(1 , 5)",0,5
2,8,20,1,9,11,3,1,1,"(1 , 5)",0,33
1,8,10,1,0,2,2,1,1,"(1 , 128)",0,16
2,2,9,1,4,7,4,1,1,"(1 , 32)",0,10
3,1,10,1,4,7,5,1,1,"(1 , 5)",0,9
1,8,19,1,0,3,4,1,1,"(4 , 5)",0,32
1,1,4,2,1,4,3,1,1,"(4 , 32)",0,3
2,2,7,1,2,5,4,1,1,"(4 , 32)",0,7
1,2,7,1,3,5,3,1,1,"(4 , 32)",0,8
3,16,37,1,16,20,3,2,2,"(4 , 128)",0,80
2,1,5,1,1,3,3,1,1,"(3 , 64)",0,4
2,3,29,1,22,25,5,1,1,"(1 , 32)",0,40
4,4,17,1,8,10,3,1,1,"(1 , 32)",0,23
2,8,27,1,8,11,3,1,1,"(1 , 32)",0,40
2,8,35,1,16,19,3,1,2,"(3 , 5)",0,64
1,8,18,1,8,10,3,1,1,"(3 , 32)",8,24
1,4,10,1,4,6,3,1,1,"(1 , 64)",4,12
1,2,6,1,2,4,3,1,1,"(1 , 64)",2,6
1,3,8,1,3,5,3,1,1,"(3 , 64)",3,9
2,8,19,1,8,10,3,1,1,"(4 , 5)",0,32
5,2,16,2,9,13,6,1,1,"(4 , 128)",0,17
3,4,18,1,8,12,4,1,1,"(1 , 64)",0,26
2,8,35,1,16,19,3,1,1,"(1 , 32)",0,48
1,3,8,1,3,5,3,1,1,"(1 , 64)",0,9
2,8,19,1,8,10,3,1,1,"(1 , 128)",0,32
3,4,16,1,4,8,3,1,1,"(3 , 32)",0,24
2,16,27,1,16,18,3,1,1,"(1 , 128)",0,56
3,16,44,1,24,27,4,1,1,"(1 , 64)",0,96
1,3,8,1,3,5,3,1,1,"(1 , 32)",0,9
1,3,8,1,3,5,3,1,1,"(1 , 32)",0,9
1,3,8,1,3,5,3,1,1,"(1 , 64)",0,9
1,3,8,1,3,5,3,1,1,"(3 , 32)",0,9
3,8,28,1,8,12,3,1,1,"(1 , 64)",0,48
2,2,7,1,2,4,4,1,1,"(1 , 64)",0,7
1,3,8,1,3,5,3,1,1,"(3 , 32)",0,9
3,2,12,1,4,8,4,1,1,"(1 , 64)",0,14
3,3,15,1,6,10,4,1,1,"(1 , 32)",0,20
5,4,33,2,19,26,6,1,1,"(1 , 128)",0,55
7,4,48,1,36,38,6,1,1,"(1 , 64)",0,84
3,16,60,1,48,50,4,1,1,"(1 , 64)",0,136
7,8,88,1,72,74,6,1,1,"(3 , 64)",0,168
3,1,9,3,3,9,4,1,1,"(4 , 5)",0,8
2,8,35,2,16,20,7,1,1,"(1 , 64)",0,48
7,8,88,1,72,74,6,1,1,"(4 , 5)",0,168
2,2,9,1,2,5,3,1,1,"(1 , 32)",0,10
1,1,4,1,1,3,3,1,1,"(1 , 5)",0,3
3,8,28,1,8,12,3,1,1,"(4 , 128)",0,48
3,2,10,1,2,6,3,1,1,"(1 , 128)",0,12
7,8,88,1,72,74,6,1,1,"(4 , 5)",0,168
2,8,35,1,16,19,4,1,1,"(1 , 32)",0,48
2,8,43,1,24,27,4,1,1,"(4 , 5)",0,72
1,8,27,1,16,19,3,2,1,"(1 , 64)",0,40
4,2,11,1,4,6,3,1,1,"(1 , 64)",0,11
4,4,32,2,19,28,6,1,1,"(4 , 128)",0,50
1,8,10,1,0,2,2,1,1,"(4 , 32)",0,16
4,8,70,1,32,38,4,2,1,"(1 , 64)",0,96
5,8,50,1,32,36,6,1,1,"(3 , 32)",0,84
2,8,27,1,16,18,4,1,1,"(4 , 128)",0,40
5,2,17,1,8,12,6,1,1,"(4 , 5)",0,21
2,8,35,1,16,19,3,1,1,"(1 , 5)",0,48
5,4,28,1,16,20,6,1,1,"(3 , 32)",0,42
1,2,4,1,0,2,2,1,1,"(1 , 5)",0,4
5,6,18,1,10,13,5,1,1,"(4 , 32)",0,28
1,1,4,1,1,3,3,1,1,"(3 , 32)",0,3
2,4,27,1,16,19,4,1,1,"(4 , 32)",0,40
2,2,15,1,8,11,4,1,1,"(1 , 64)",0,20
2,3,21,1,12,15,4,1,1,"(4 , 32)",0,30
3,2,9,1,3,6,4,1,1,"(1 , 32)",0,9
2,8,51,1,32,35,4,1,1,"(4 , 5)",0,80
6,4,29,1,20,22,5,1,2,"(1 , 32)",0,52
3,4,24,1,18,20,4,1,2,"(1 , 32)",0,46
2,1,6,1,1,4,3,1,1,"(1 , 32)",0,5
1,1,4,1,1,3,3,1,1,"(3 , 64)",0,3
2,8,35,1,16,19,3,1,2,"(3 , 32)",0,64
3,4,24,1,18,20,4,1,2,"(1 , 64)",0,46
4,8,54,1,16,22,3,2,1,"(1 , 5)",0,80
1,1,4,1,1,3,3,1,1,"(1 , 64)",0,3
3,4,24,1,18,20,4,1,2,"(1 , 1024)",0,46
3,2,12,1,5,9,4,1,1,"(1 , 5)",0,14
1,1,4,1,1,3,3,1,1,"(1 , 32)",0,3
3,2,11,1,4,8,4,1,1,"(4 , 128)",0,13
3,8,12,1,0,3,2,2,1,"(1 , 128)",0,17
1,1,4,2,1,4,3,1,1,"(1 , 64)",0,3
1,3,8,1,3,5,3,1,1,"(2 , 32)",0,9
2,8,19,1,0,3,2,1,1,"(1 , 32)",0,32
2,1,7,1,2,5,4,1,1,"(1 , 64)",0,6
4,1,7,1,0,4,2,2,1,"(4 , 32)",0,5
3,4,14,1,9,11,4,1,2,"(1 , 64)",0,23
3,1,6,1,1,3,3,1,1,"(1 , 5)",0,5
2,8,27,1,8,11,3,1,1,"(1 , 5)",0,40
3,4,14,1,9,11,4,1,2,"(1 , 5)",0,23
1,8,10,1,0,2,2,1,1,"(1 , 32)",0,16
6,6,55,1,40,43,5,1,2,"(1 , 64)",0,116
3,4,14,1,9,11,4,1,2,"(1 , 5)",0,23
1,4,6,1,0,2,2,1,1,"(1 , 32)",0,8
2,8,36,1,16,20,3,2,1,"(4 , 5)",0,48
6,4,51,1,40,42,5,1,2,"(1 , 5)",0,104
2,8,51,1,32,35,4,1,1,"(4 , 5)",0,80
3,2,10,1,2,6,3,1,1,"(1 , 5)",0,12
2,2,7,3,3,9,4,1,1,"(3 , 5)",0,7
14,12,72,1,49,53,4,2,1,"(1 , 32)",0,125
1,1,3,1,0,2,2,1,1,"(4 , 5)",0,2
1,1,3,1,0,2,2,1,1,"(4 , 5)",0,2
1,1,3,1,0,2,2,1,1,"(4 , 5)",0,2
2,8,19,1,8,10,3,1,1,"(4 , 5)",0,32
1,1,3,1,0,2,2,1,1,"(4 , 5)",0,2
4,8,45,1,32,35,6,1,1,"(4 , 32)",0,76
4,6,35,1,24,27,6,1,1,"(4 , 5)",0,57
4,4,25,1,16,19,6,1,1,"(1 , 64)",0,38
3,2,9,1,3,5,3,1,1,"(1 , 5)",0,11
4,16,85,1,64,67,6,1,1,"(4 , 5)",0,152
3,8,36,1,16,19,4,1,1,"(1 , 128)",0,56
2,3,13,2,9,12,5,1,1,"(4 , 5)",0,18
1,4,10,2,4,7,5,1,1,"(1 , 32)",0,12
7,4,32,1,22,24,6,1,2,"(1 , 32)",0,56
7,4,32,1,22,24,6,1,2,"(1 , 5)",0,56
5,2,14,1,5,9,6,1,1,"(1 , 5)",0,14
6,8,39,1,16,20,4,2,1,"(4 , 128)",0,65
1,1,3,1,0,2,2,1,1,"(1 , 32)",0,2
7,4,32,1,22,24,6,1,2,"(1 , 5)",0,56
7,4,32,1,22,24,6,1,2,"(4 , 5)",0,56
3,8,30,1,16,20,4,1,1,"(1 , 64)",0,50
6,4,51,1,40,42,5,1,2,"(1 , 64)",0,104
4,4,30,2,17,26,4,1,1,"(4 , 5)",0,48
2,8,19,1,8,10,3,1,1,"(4 , 5)",0,32
9,8,26,1,8,10,3,1,1,"(1 , 64)",0,32
6,4,51,1,40,42,5,1,2,"(1 , 64)",0,104
2,2,8,2,1,5,3,1,1,"(4 , 128)",0,9
6,4,51,1,40,42,5,1,2,"(4 , 5)",0,104
8,16,101,1,80,83,8,1,1,"(1 , 5)",4,196
7,8,54,1,40,42,8,1,1,"(1 , 32)",2,98
6,4,51,1,40,42,5,1,2,"(4 , 5)",0,104
2,1,5,1,1,3,3,1,1,"(4 , 32)",0,4
6,2,14,3,6,11,4,1,1,"(4 , 32)",0,14
1,2,7,1,3,5,3,1,1,"(2 , 5)",0,8
1,4,14,1,8,10,3,1,1,"(3 , 128)",0,20
3,2,9,1,2,6,3,1,1,"(1 , 32)",0,11
6,8,45,1,30,32,6,1,2,"(1 , 128)",0,82
5,8,39,1,25,28,19,2,1,"(4 , 5)",0,51
2,4,21,1,14,17,4,1,1,"(4 , 5)",0,38
1,4,6,1,0,2,2,1,1,"(3 , 128)",0,8
2,2,8,1,4,6,5,1,1,"(4 , 5)",0,9
2,2,9,1,2,5,3,1,1,"(1 , 64)",0,10
5,2,30,1,18,22,8,1,1,"(4 , 5)",2,38
5,3,42,1,27,31,8,1,1,"(4 , 5)",3,57
2,1,6,2,1,5,3,1,1,"(1 , 64)",0,5
2,2,8,1,4,6,5,1,1,"(4 , 5)",0,9
1,4,10,2,4,7,5,1,2,"(4 , 128)",0,16
9,7,43,1,30,34,8,1,1,"(2 , 5)",0,75
5,8,102,1,72,76,8,1,1,"(3 , 64)",8,152
4,2,19,1,8,12,4,1,1,"(4 , 128)",0,24
2,1,6,1,1,4,3,1,1,"(1 , 64)",0,5
2,2,8,1,4,6,5,1,1,"(4 , 5)",0,9
2,2,9,1,2,5,3,1,1,"(4 , 5)",0,10
2,2,8,1,4,6,5,1,1,"(4 , 5)",0,9
2,1,6,1,1,4,3,1,1,"(4 , 5)",0,5
2,1,5,1,0,3,2,1,1,"(4 , 5)",0,4
2,8,75,1,56,59,4,1,1,"(1 , 32)",0,152
1,3,5,1,0,2,2,1,1,"(1 , 32)",0,6
1,2,6,1,2,4,3,1,1,"(1 , 64)",0,6
3,2,11,1,4,8,4,1,1,"(3 , 32)",0,13
1,2,6,1,2,4,3,1,1,"(4 , 128)",0,6
1,1,4,1,1,3,3,1,1,"(4 , 5)",0,3
1,2,6,1,2,4,3,1,1,"(4 , 5)",0,6
1,2,6,1,2,4,3,1,1,"(4 , 5)",0,6
6,8,38,3,25,31,9,1,1,"(3 , 128)",0,58
3,8,45,1,28,32,8,1,1,"(1 , 5)",0,64
2,8,35,1,16,19,3,1,2,"(4 , 5)",0,64
4,4,33,1,16,20,4,1,1,"(1 , 64)",0,48
6,4,40,1,30,32,5,1,2,"(1 , 64)",0,78
4,3,26,1,12,16,4,1,1,"(3 , 128)",0,36
4,2,19,1,8,12,4,1,1,"(1 , 64)",0,24
1,4,6,1,0,2,2,1,1,"(1 , 64)",0,8
4,8,61,1,32,36,4,1,1,"(4 , 128)",0,96
1,2,5,1,2,4,3,1,1,"(4 , 128)",0,5
6,4,40,1,30,32,5,1,2,"(1 , 32)",0,78
1,2,4,1,0,2,2,1,1,"(1 , 64)",0,4
6,4,40,1,30,32,5,1,2,"(1 , 32)",0,78
2,1,5,2,1,4,3,1,1,"(4 , 128)",0,4
4,4,33,1,16,20,4,1,1,"(1 , 32)",0,48
3,4,24,1,8,12,3,1,2,"(4 , 5)",0,44
10,8,108,1,84,88,10,1,1,"(1 , 32)",0,212
2,8,36,1,16,20,3,2,1,"(1 , 32)",0,48
2,4,23,2,12,23,4,1,1,"(1 , 5)",0,28
4,2,15,1,4,8,3,1,2,"(1 , 32)",0,23
2,8,36,1,16,20,3,2,1,"(4 , 5)",0,48
3,2,14,1,4,8,3,1,2,"(1 , 32)",0,22
3,4,25,2,12,20,4,1,1,"(1 , 5)",0,38
2,8,36,1,16,20,3,2,1,"(1 , 64)",0,48
4,1,7,1,1,4,3,2,1,"(1 , 32)",0,5
7,4,48,1,36,38,6,1,1,"(3 , 64)",0,84
2,4,11,1,4,6,5,1,1,"(1 , 32)",0,13
2,8,19,1,8,10,3,1,1,"(1 , 5)",0,32
2,3,9,1,3,5,4,1,1,"(1 , 64)",0,10
2,8,19,1,8,10,3,1,1,"(1 , 5)",8,32
6,8,103,1,80,83,5,1,2,"(2 , 64)",0,232
2,4,11,1,4,6,3,1,1,"(1 , 5)",4,16
2,2,7,1,2,4,3,1,1,"(1 , 5)",2,8
2,4,39,1,28,31,5,1,1,"(1 , 5)",0,60
2,8,19,1,8,10,9,1,1,"(1 , 64)",0,25
2,1,6,1,1,4,3,1,1,"(4 , 128)",0,5
2,1,6,3,2,8,4,1,1,"(4 , 5)",0,5
2,8,36,1,16,20,3,2,1,"(2 , 32)",0,48
7,4,48,1,36,38,6,1,1,"(1 , 64)",0,84
3,4,32,1,16,20,4,1,1,"(4 , 5)",0,52
2,8,35,1,16,19,3,1,1,"(1 , 64)",0,48
2,8,27,1,8,11,3,1,1,"(1 , 32)",0,40
3,2,18,1,8,12,4,1,2,"(1 , 64)",0,26
4,2,12,1,4,8,4,1,1,"(1 , 64)",0,12
5,2,18,1,6,11,4,2,1,"(4 , 5)",0,22
1,4,10,1,4,6,3,1,1,"(1 , 64)",0,12
3,4,25,1,12,16,5,1,1,"(1 , 64)",0,37
2,8,37,1,17,20,6,1,1,"(1 , 5)",0,57
3,1,9,1,2,6,4,1,1,"(1 , 32)",0,8
4,3,9,1,3,5,3,1,1,"(3 , 5)",0,10
3,3,20,1,9,13,5,1,1,"(1 , 64)",0,28
3,2,15,1,6,10,5,1,1,"(1 , 64)",0,19
3,8,45,1,24,28,5,1,1,"(1 , 32)",0,73
2,8,43,1,24,27,4,1,1,"(3 , 5)",0,80
1,6,14,1,6,8,3,1,2,"(1 , 64)",6,24
1,8,18,2,8,18,3,1,1,"(3 , 32)",0,24
2,2,7,1,2,4,3,1,1,"(4 , 5)",2,8
4,8,29,1,16,19,17,2,1,"(4 , 5)",0,41
4,8,54,1,16,22,3,2,1,"(1 , 5)",0,80
4,8,70,1,32,38,4,2,1,"(1 , 32)",0,96
1,1,4,1,1,3,3,1,1,"(4 , 32)",1,3
2,8,99,1,80,83,8,1,1,"(4 , 5)",0,152
2,8,27,1,8,11,3,1,1,"(3 , 5)",0,40
2,4,13,1,8,10,5,1,1,"(4 , 32)",0,18
2,8,15,1,8,10,3,1,1,"(1 , 128)",0,28
1,2,4,1,0,2,2,1,1,"(1 , 32)",0,4
4,2,19,1,8,12,4,1,1,"(1 , 64)",0,24
2,4,13,1,8,10,5,1,1,"(1 , 64)",0,18
1,6,18,1,10,12,5,1,1,"(2 , 5)",0,28
4,8,54,1,16,22,3,2,1,"(4 , 5)",0,80
5,2,20,1,8,12,4,1,1,"(1 , 64)",0,24
1,1,4,1,1,3,3,1,1,"(1 , 64)",0,3
2,8,19,1,8,10,3,1,1,"(1 , 5)",0,32
2,4,13,1,8,10,5,1,1,"(4 , 5)",0,18
1,4,6,1,0,2,2,1,1,"(4 , 5)",0,8
2,8,35,1,16,19,3,1,1,"(4 , 5)",0,48
2,8,19,1,8,10,3,1,1,"(4 , 5)",0,32
2,4,13,1,8,10,5,1,1,"(4 , 5)",0,18
